Filename,score
AF1.jpg,2.33
AF10.jpg,3.43
AF100.jpg,2.9
AF1000.jpg,3.97
AF1001.jpg,3.73
AF1002.jpg,2.62
AF1003.jpg,2.87
AF1004.jpg,3.3
AF1005.jpg,2.22
AF1006.jpg,3.45
AF1007.jpg,2.7
AF1008.jpg,2.78
AF1009.jpg,3.87
AF101.jpg,2.35
AF1010.jpg,2.58
AF1011.jpg,3.1
AF1012.jpg,2.77
AF1013.jpg,3.82
AF1014.jpg,4.32
AF1015.jpg,3.68
AF1016.jpg,3.82
AF1017.jpg,3.5
AF1018.jpg,3.32
AF1019.jpg,2.08
AF102.jpg,2.8
AF1020.jpg,2.87
AF1021.jpg,2.93
AF1022.jpg,3.77
AF1023.jpg,3.4
AF1024.jpg,3.37
AF1025.jpg,1.87
AF1026.jpg,3.65
AF1027.jpg,3.98
AF1028.jpg,2.13
AF1029.jpg,3.95
AF103.jpg,2.6
AF1030.jpg,2.32
AF1031.jpg,4.03
AF1032.jpg,3.32
AF1033.jpg,2.27
AF1034.jpg,3.05
AF1035.jpg,3.52
AF1036.jpg,2.75
AF1037.jpg,2.0
AF1038.jpg,2.65
AF1039.jpg,4.2
AF104.jpg,2.83
AF1040.jpg,2.23
AF1041.jpg,2.38
AF1042.jpg,3.12
AF1043.jpg,2.52
AF1044.jpg,2.98
AF1045.jpg,3.82
AF1046.jpg,2.28
AF1047.jpg,3.65
AF1048.jpg,3.15
AF1049.jpg,2.95
AF105.jpg,4.03
AF1050.jpg,3.18
AF1051.jpg,2.7
AF1052.jpg,2.78
AF1053.jpg,2.67
AF1054.jpg,3.22
AF1055.jpg,3.45
AF1056.jpg,4.22
AF1057.jpg,3.15
AF1058.jpg,3.78
AF1059.jpg,3.03
AF106.jpg,3.03
AF1060.jpg,2.43
AF1061.jpg,2.77
AF1062.jpg,4.18
AF1063.jpg,4.32
AF1064.jpg,3.88
AF1065.jpg,3.85
AF1066.jpg,1.68
AF1067.jpg,2.58
AF1068.jpg,4.12
AF1069.jpg,3.18
AF107.jpg,1.88
AF1070.jpg,2.5
AF1071.jpg,3.13
AF1072.jpg,3.23
AF1073.jpg,2.67
AF1074.jpg,3.12
AF1075.jpg,3.9
AF1076.jpg,1.4
AF1077.jpg,3.12
AF1078.jpg,3.48
AF1079.jpg,2.97
AF108.jpg,2.78
AF1080.jpg,3.92
AF1081.jpg,2.9
AF1082.jpg,2.63
AF1083.jpg,4.4
AF1084.jpg,1.83
AF1085.jpg,2.28
AF1086.jpg,3.65
AF1087.jpg,2.77
AF1088.jpg,3.87
AF1089.jpg,2.03
AF109.jpg,2.33
AF1090.jpg,3.97
AF1091.jpg,2.92
AF1092.jpg,2.25
AF1093.jpg,3.63
AF1094.jpg,4.07
AF1095.jpg,2.67
AF1096.jpg,2.37
AF1097.jpg,2.47
AF1098.jpg,1.55
AF1099.jpg,4.18
AF11.jpg,2.32
AF110.jpg,3.25
AF1100.jpg,2.67
AF1101.jpg,3.8
AF1102.jpg,3.83
AF1103.jpg,3.05
AF1104.jpg,4.13
AF1105.jpg,1.72
AF1106.jpg,3.52
AF1107.jpg,4.22
AF1108.jpg,1.87
AF1109.jpg,3.88
AF111.jpg,2.75
AF1110.jpg,4.23
AF1111.jpg,2.38
AF1112.jpg,4.23
AF1113.jpg,3.35
AF1114.jpg,2.97
AF1115.jpg,4.02
AF1116.jpg,4.02
AF1117.jpg,1.97
AF1118.jpg,1.83
AF1119.jpg,2.7
AF112.jpg,2.65
AF1120.jpg,2.9
AF1121.jpg,1.97
AF1122.jpg,3.6
AF1123.jpg,2.52
AF1124.jpg,3.55
AF1125.jpg,2.75
AF1126.jpg,2.58
AF1127.jpg,2.87
AF1128.jpg,2.53
AF1129.jpg,4.17
AF113.jpg,3.37
AF1130.jpg,2.83
AF1131.jpg,3.07
AF1132.jpg,3.23
AF1133.jpg,3.23
AF1134.jpg,3.33
AF1135.jpg,3.4
AF1136.jpg,3.37
AF1137.jpg,2.7
AF1138.jpg,2.33
AF1139.jpg,2.88
AF114.jpg,2.52
AF1140.jpg,3.9
AF1141.jpg,3.15
AF1142.jpg,2.67
AF1143.jpg,1.98
AF1144.jpg,2.72
AF1145.jpg,2.02
AF1146.jpg,3.1
AF1147.jpg,3.55
AF1148.jpg,3.82
AF1149.jpg,3.5
AF115.jpg,2.95
AF1150.jpg,2.9
AF1151.jpg,2.17
AF1152.jpg,3.3
AF1153.jpg,3.27
AF1154.jpg,4.1
AF1155.jpg,2.77
AF1156.jpg,4.18
AF1157.jpg,3.02
AF1158.jpg,4.42
AF1159.jpg,3.98
AF116.jpg,1.98
AF1160.jpg,3.68
AF1161.jpg,2.07
AF1162.jpg,4.1
AF1163.jpg,3.13
AF1164.jpg,2.92
AF1165.jpg,3.07
AF1166.jpg,3.75
AF1167.jpg,4.1
AF1168.jpg,3.88
AF1169.jpg,3.6
AF117.jpg,2.4
AF1170.jpg,4.28
AF1171.jpg,4.28
AF1172.jpg,3.92
AF1173.jpg,2.22
AF1174.jpg,4.5
AF1175.jpg,4.33
AF1176.jpg,2.37
AF1177.jpg,3.68
AF1178.jpg,3.98
AF1179.jpg,3.93
AF118.jpg,2.8
AF1180.jpg,3.65
AF1181.jpg,2.5
AF1182.jpg,2.92
AF1183.jpg,3.62
AF1184.jpg,2.33
AF1185.jpg,2.62
AF1186.jpg,2.2
AF1187.jpg,3.8
AF1188.jpg,2.52
AF1189.jpg,2.73
AF119.jpg,2.27
AF1190.jpg,2.65
AF1191.jpg,4.23
AF1192.jpg,2.98
AF1193.jpg,2.3
AF1194.jpg,4.23
AF1195.jpg,3.43
AF1196.jpg,3.67
AF1197.jpg,3.68
AF1198.jpg,3.77
AF1199.jpg,4.12
AF12.jpg,2.08
AF120.jpg,2.37
AF1200.jpg,3.7
AF1201.jpg,3.28
AF1202.jpg,3.33
AF1203.jpg,3.37
AF1204.jpg,2.8
AF1205.jpg,4.13
AF1206.jpg,3.28
AF1207.jpg,4.05
AF1208.jpg,4.32
AF1209.jpg,3.27
AF121.jpg,2.38
AF1210.jpg,2.62
AF1211.jpg,4.17
AF1212.jpg,3.88
AF1213.jpg,3.43
AF1214.jpg,3.12
AF1215.jpg,3.18
AF1216.jpg,2.78
AF1217.jpg,3.22
AF1218.jpg,3.35
AF1219.jpg,3.2
AF122.jpg,2.27
AF1220.jpg,2.83
AF1221.jpg,4.2
AF1222.jpg,3.7
AF1223.jpg,2.13
AF1224.jpg,3.95
AF1225.jpg,2.8
AF1226.jpg,2.3
AF1227.jpg,3.43
AF1228.jpg,3.33
AF1229.jpg,2.88
AF123.jpg,2.03
AF1230.jpg,2.02
AF1231.jpg,3.98
AF1232.jpg,3.18
AF1233.jpg,2.77
AF1234.jpg,3.22
AF1235.jpg,2.53
AF1236.jpg,4.32
AF1237.jpg,3.37
AF1238.jpg,3.2
AF1239.jpg,3.57
AF124.jpg,2.57
AF1240.jpg,2.72
AF1241.jpg,3.93
AF1242.jpg,4.15
AF1243.jpg,2.2
AF1244.jpg,3.92
AF1245.jpg,2.83
AF1246.jpg,3.07
AF1247.jpg,3.85
AF1248.jpg,3.22
AF1249.jpg,4.32
AF125.jpg,2.85
AF1250.jpg,2.43
AF1251.jpg,3.68
AF1252.jpg,3.38
AF1253.jpg,4.35
AF1254.jpg,3.67
AF1255.jpg,4.22
AF1256.jpg,2.35
AF1257.jpg,4.2
AF1258.jpg,3.32
AF1259.jpg,2.67
AF126.jpg,2.75
AF1260.jpg,3.72
AF1261.jpg,3.83
AF1262.jpg,3.8
AF1263.jpg,3.12
AF1264.jpg,2.9
AF1265.jpg,4.38
AF1266.jpg,3.82
AF1267.jpg,3.43
AF1268.jpg,4.05
AF1269.jpg,3.48
AF127.jpg,2.9
AF1270.jpg,4.17
AF1271.jpg,3.33
AF1272.jpg,3.9
AF1273.jpg,1.28
AF1274.jpg,3.12
AF1275.jpg,3.55
AF1276.jpg,2.02
AF1277.jpg,3.72
AF1278.jpg,3.57
AF1279.jpg,4.13
AF128.jpg,2.87
AF1280.jpg,4.32
AF1281.jpg,3.02
AF1282.jpg,3.47
AF1283.jpg,4.33
AF1284.jpg,3.4
AF1285.jpg,3.97
AF1286.jpg,3.9
AF1287.jpg,3.3
AF1288.jpg,3.28
AF1289.jpg,2.72
AF129.jpg,3.1
AF1290.jpg,2.98
AF1291.jpg,4.4
AF1292.jpg,3.17
AF1293.jpg,4.03
AF1294.jpg,2.27
AF1295.jpg,4.08
AF1296.jpg,2.93
AF1297.jpg,3.38
AF1298.jpg,3.8
AF1299.jpg,3.72
AF13.jpg,3.35
AF130.jpg,2.52
AF1300.jpg,2.62
AF1301.jpg,4.03
AF1302.jpg,3.63
AF1303.jpg,3.75
AF1304.jpg,2.33
AF1305.jpg,4.08
AF1306.jpg,2.03
AF1307.jpg,2.83
AF1308.jpg,3.55
AF1309.jpg,3.77
AF131.jpg,2.82
AF1310.jpg,2.25
AF1311.jpg,4.03
AF1312.jpg,4.0
AF1313.jpg,2.52
AF1314.jpg,2.75
AF1315.jpg,2.8
AF1316.jpg,4.05
AF1317.jpg,4.03
AF1318.jpg,4.12
AF1319.jpg,4.15
AF132.jpg,2.23
AF1320.jpg,4.17
AF1321.jpg,1.82
AF1322.jpg,2.92
AF1323.jpg,2.92
AF1324.jpg,4.05
AF1325.jpg,2.2
AF1326.jpg,3.57
AF1327.jpg,3.08
AF1328.jpg,3.72
AF1329.jpg,3.42
AF133.jpg,2.83
AF1330.jpg,4.02
AF1331.jpg,3.9
AF1332.jpg,2.32
AF1333.jpg,4.38
AF1334.jpg,3.77
AF1335.jpg,4.07
AF1336.jpg,3.78
AF1337.jpg,2.47
AF1338.jpg,2.92
AF1339.jpg,3.33
AF134.jpg,2.32
AF1340.jpg,3.9
AF1341.jpg,2.23
AF1342.jpg,4.33
AF1343.jpg,3.62
AF1344.jpg,3.72
AF1345.jpg,4.08
AF1346.jpg,3.62
AF1347.jpg,3.38
AF1348.jpg,3.92
AF1349.jpg,2.38
AF135.jpg,2.88
AF1350.jpg,1.53
AF1351.jpg,2.45
AF1352.jpg,3.47
AF1353.jpg,2.92
AF1354.jpg,3.28
AF1355.jpg,4.13
AF1356.jpg,3.3
AF1357.jpg,4.28
AF1358.jpg,2.42
AF1359.jpg,3.92
AF136.jpg,2.32
AF1360.jpg,3.88
AF1361.jpg,3.98
AF1362.jpg,4.02
AF1363.jpg,2.93
AF1364.jpg,3.95
AF1365.jpg,4.48
AF1366.jpg,3.53
AF1367.jpg,3.08
AF1368.jpg,3.08
AF1369.jpg,2.5
AF137.jpg,2.72
AF1370.jpg,3.67
AF1371.jpg,3.63
AF1372.jpg,3.13
AF1373.jpg,2.78
AF1374.jpg,4.3
AF1375.jpg,3.38
AF1376.jpg,3.52
AF1377.jpg,3.67
AF1378.jpg,2.7
AF1379.jpg,2.73
AF138.jpg,2.42
AF1380.jpg,2.37
AF1381.jpg,3.63
AF1382.jpg,4.05
AF1383.jpg,2.03
AF1384.jpg,3.97
AF1385.jpg,3.8
AF1386.jpg,2.93
AF1387.jpg,4.02
AF1388.jpg,4.17
AF1389.jpg,3.68
AF139.jpg,2.13
AF1390.jpg,4.13
AF1391.jpg,2.97
AF1392.jpg,4.03
AF1393.jpg,3.57
AF1394.jpg,3.28
AF1395.jpg,3.82
AF1396.jpg,4.05
AF1397.jpg,3.58
AF1398.jpg,1.37
AF1399.jpg,3.18
AF14.jpg,1.72
AF140.jpg,2.02
AF1400.jpg,3.58
AF1401.jpg,4.23
AF1402.jpg,3.83
AF1403.jpg,4.27
AF1404.jpg,2.85
AF1405.jpg,4.12
AF1406.jpg,3.77
AF1407.jpg,3.25
AF1408.jpg,3.65
AF1409.jpg,3.5
AF141.jpg,2.33
AF1410.jpg,3.22
AF1411.jpg,3.13
AF1412.jpg,3.23
AF1413.jpg,3.37
AF1414.jpg,3.73
AF1415.jpg,1.73
AF1416.jpg,3.38
AF1417.jpg,3.75
AF1418.jpg,2.97
AF1419.jpg,3.82
AF142.jpg,2.17
AF1420.jpg,3.43
AF1421.jpg,3.17
AF1422.jpg,3.97
AF1423.jpg,3.73
AF1424.jpg,2.98
AF1425.jpg,3.48
AF1426.jpg,3.5
AF1427.jpg,3.57
AF1428.jpg,3.75
AF1429.jpg,3.72
AF143.jpg,1.78
AF1430.jpg,3.88
AF1431.jpg,3.65
AF1432.jpg,3.22
AF1433.jpg,3.22
AF1434.jpg,3.62
AF1435.jpg,2.7
AF1436.jpg,2.93
AF1437.jpg,4.32
AF1438.jpg,3.17
AF1439.jpg,3.85
AF144.jpg,2.02
AF1440.jpg,3.63
AF1441.jpg,2.95
AF1442.jpg,3.68
AF1443.jpg,3.2
AF1444.jpg,4.12
AF1445.jpg,3.9
AF1446.jpg,3.77
AF1447.jpg,4.32
AF1448.jpg,3.9
AF1449.jpg,3.85
AF145.jpg,2.9
AF1450.jpg,2.77
AF1451.jpg,4.07
AF1452.jpg,3.02
AF1453.jpg,1.15
AF1454.jpg,2.73
AF1455.jpg,3.03
AF1456.jpg,4.07
AF1457.jpg,3.97
AF1458.jpg,3.83
AF1459.jpg,4.0
AF146.jpg,2.92
AF1460.jpg,3.67
AF1461.jpg,3.32
AF1462.jpg,3.93
AF1463.jpg,2.93
AF1464.jpg,3.43
AF1465.jpg,4.03
AF1466.jpg,3.7
AF1467.jpg,3.72
AF1468.jpg,4.38
AF1469.jpg,4.03
AF147.jpg,2.35
AF1470.jpg,3.22
AF1471.jpg,3.27
AF1472.jpg,3.8
AF1473.jpg,2.82
AF1474.jpg,4.03
AF1475.jpg,1.68
AF1476.jpg,4.28
AF1477.jpg,4.1
AF1478.jpg,3.95
AF1479.jpg,3.9
AF148.jpg,1.92
AF1480.jpg,2.73
AF1481.jpg,3.93
AF1482.jpg,3.32
AF1483.jpg,2.52
AF1484.jpg,3.6
AF1485.jpg,2.95
AF1486.jpg,4.03
AF1487.jpg,3.18
AF1488.jpg,3.85
AF1489.jpg,3.1
AF149.jpg,2.35
AF1490.jpg,3.65
AF1491.jpg,4.2
AF1492.jpg,3.52
AF1493.jpg,3.22
AF1494.jpg,3.7
AF1495.jpg,4.03
AF1496.jpg,3.68
AF1497.jpg,2.85
AF1498.jpg,4.07
AF1499.jpg,3.47
AF15.jpg,2.8
AF150.jpg,2.47
AF1500.jpg,4.45
AF1501.jpg,3.93
AF1502.jpg,3.68
AF1503.jpg,2.92
AF1504.jpg,3.33
AF1505.jpg,3.03
AF1506.jpg,3.55
AF1507.jpg,2.77
AF1508.jpg,3.92
AF1509.jpg,1.7
AF151.jpg,2.27
AF1510.jpg,3.67
AF1511.jpg,3.88
AF1512.jpg,2.98
AF1513.jpg,3.72
AF1514.jpg,4.03
AF1515.jpg,3.8
AF1516.jpg,3.47
AF1517.jpg,3.43
AF1518.jpg,3.43
AF1519.jpg,3.93
AF152.jpg,2.68
AF1520.jpg,3.23
AF1521.jpg,3.65
AF1522.jpg,2.0
AF1523.jpg,3.8
AF1524.jpg,3.9
AF1525.jpg,3.75
AF1526.jpg,4.2
AF1527.jpg,3.83
AF1528.jpg,3.38
AF1529.jpg,3.73
AF153.jpg,2.13
AF1530.jpg,3.52
AF1531.jpg,3.23
AF1532.jpg,3.55
AF1533.jpg,4.12
AF1534.jpg,4.2
AF1535.jpg,3.23
AF1536.jpg,3.7
AF1537.jpg,3.63
AF1538.jpg,4.03
AF1539.jpg,1.62
AF154.jpg,3.0
AF1540.jpg,1.38
AF1541.jpg,3.55
AF1542.jpg,2.32
AF1543.jpg,3.9
AF1544.jpg,3.03
AF1545.jpg,4.22
AF1546.jpg,3.97
AF1547.jpg,4.0
AF1548.jpg,4.07
AF1549.jpg,2.85
AF155.jpg,2.55
AF1550.jpg,3.38
AF1551.jpg,3.62
AF1552.jpg,3.5
AF1553.jpg,3.83
AF1554.jpg,4.23
AF1555.jpg,3.17
AF1556.jpg,3.23
AF1557.jpg,3.53
AF1558.jpg,3.7
AF1559.jpg,4.13
AF156.jpg,2.48
AF1560.jpg,3.98
AF1561.jpg,3.95
AF1562.jpg,3.4
AF1563.jpg,4.13
AF1564.jpg,3.98
AF1565.jpg,3.3
AF1566.jpg,3.75
AF1567.jpg,4.02
AF1568.jpg,3.83
AF1569.jpg,3.97
AF157.jpg,2.37
AF1570.jpg,2.5
AF1571.jpg,3.7
AF1572.jpg,4.3
AF1573.jpg,3.58
AF1574.jpg,3.77
AF1575.jpg,3.07
AF1576.jpg,3.35
AF1577.jpg,3.4
AF1578.jpg,2.77
AF1579.jpg,4.1
AF158.jpg,2.52
AF1580.jpg,3.47
AF1581.jpg,4.12
AF1582.jpg,4.22
AF1583.jpg,3.8
AF1584.jpg,3.83
AF1585.jpg,3.75
AF1586.jpg,3.77
AF1587.jpg,3.53
AF1588.jpg,3.93
AF1589.jpg,3.72
AF159.jpg,2.78
AF1590.jpg,1.07
AF1591.jpg,3.7
AF1592.jpg,4.47
AF1593.jpg,4.15
AF1594.jpg,3.82
AF1595.jpg,3.92
AF1596.jpg,3.07
AF1597.jpg,3.75
AF1598.jpg,3.58
AF1599.jpg,3.47
AF16.jpg,2.1
AF160.jpg,1.98
AF1600.jpg,3.02
AF1601.jpg,4.48
AF1602.jpg,3.7
AF1603.jpg,3.95
AF1604.jpg,3.7
AF1605.jpg,3.47
AF1606.jpg,3.17
AF1607.jpg,3.43
AF1608.jpg,3.3
AF1609.jpg,3.52
AF161.jpg,1.95
AF1610.jpg,4.2
AF1611.jpg,3.33
AF1612.jpg,3.87
AF1613.jpg,4.0
AF1614.jpg,2.97
AF1615.jpg,3.37
AF1616.jpg,2.78
AF1617.jpg,3.62
AF1618.jpg,2.53
AF1619.jpg,1.63
AF162.jpg,2.12
AF1620.jpg,3.88
AF1621.jpg,3.55
AF1622.jpg,3.9
AF1623.jpg,3.98
AF1624.jpg,3.15
AF1625.jpg,2.08
AF1626.jpg,3.07
AF1627.jpg,3.77
AF1628.jpg,4.1
AF1629.jpg,4.03
AF163.jpg,2.8
AF1630.jpg,2.77
AF1631.jpg,1.12
AF1632.jpg,3.43
AF1633.jpg,1.63
AF1634.jpg,4.0
AF1635.jpg,3.78
AF1636.jpg,2.47
AF1637.jpg,3.98
AF1638.jpg,3.83
AF1639.jpg,3.37
AF164.jpg,3.08
AF1640.jpg,3.87
AF1641.jpg,1.17
AF1642.jpg,2.8
AF1643.jpg,3.62
AF1644.jpg,3.82
AF1645.jpg,3.33
AF1646.jpg,4.38
AF1647.jpg,3.63
AF1648.jpg,3.2
AF1649.jpg,3.28
AF165.jpg,2.6
AF1650.jpg,3.2
AF1651.jpg,1.8
AF1652.jpg,4.07
AF1653.jpg,2.62
AF1654.jpg,2.97
AF1655.jpg,3.0
AF1656.jpg,4.05
AF1657.jpg,3.32
AF1658.jpg,3.13
AF1659.jpg,3.57
AF166.jpg,2.7
AF1660.jpg,3.7
AF1661.jpg,3.68
AF1662.jpg,3.23
AF1663.jpg,3.55
AF1664.jpg,3.27
AF1665.jpg,3.62
AF1666.jpg,3.47
AF1667.jpg,3.8
AF1668.jpg,4.07
AF1669.jpg,4.0
AF167.jpg,2.62
AF1670.jpg,3.97
AF1671.jpg,3.5
AF1672.jpg,3.2
AF1673.jpg,3.95
AF1674.jpg,4.07
AF1675.jpg,4.5
AF1676.jpg,4.42
AF1677.jpg,3.25
AF1678.jpg,3.35
AF1679.jpg,2.98
AF168.jpg,2.55
AF1680.jpg,3.68
AF1681.jpg,2.72
AF1682.jpg,3.88
AF1683.jpg,4.33
AF1684.jpg,4.43
AF1685.jpg,3.83
AF1686.jpg,3.62
AF1687.jpg,3.73
AF1688.jpg,4.27
AF1689.jpg,3.83
AF169.jpg,2.33
AF1690.jpg,3.68
AF1691.jpg,3.3
AF1692.jpg,4.25
AF1693.jpg,3.9
AF1694.jpg,3.65
AF1695.jpg,4.32
AF1696.jpg,4.0
AF1697.jpg,4.02
AF1698.jpg,3.25
AF1699.jpg,3.4
AF17.jpg,2.93
AF170.jpg,2.38
AF1700.jpg,3.05
AF1701.jpg,3.33
AF1702.jpg,2.32
AF1703.jpg,4.02
AF1704.jpg,2.17
AF1705.jpg,3.13
AF1706.jpg,3.5
AF1707.jpg,3.1
AF1708.jpg,2.75
AF1709.jpg,3.27
AF171.jpg,2.97
AF1710.jpg,3.72
AF1711.jpg,3.87
AF1712.jpg,3.5
AF1713.jpg,3.8
AF1714.jpg,3.8
AF1715.jpg,2.58
AF1716.jpg,3.45
AF1717.jpg,3.88
AF1718.jpg,3.75
AF1719.jpg,3.88
AF172.jpg,2.38
AF1720.jpg,3.57
AF1721.jpg,2.93
AF1722.jpg,3.4
AF1723.jpg,4.07
AF1724.jpg,3.72
AF1725.jpg,3.37
AF1726.jpg,4.32
AF1727.jpg,2.82
AF1728.jpg,3.7
AF1729.jpg,3.13
AF173.jpg,2.32
AF1730.jpg,4.07
AF1731.jpg,3.45
AF1732.jpg,4.2
AF1733.jpg,4.0
AF1734.jpg,3.83
AF1735.jpg,3.88
AF1736.jpg,3.53
AF1737.jpg,3.72
AF1738.jpg,2.82
AF1739.jpg,2.28
AF174.jpg,2.08
AF1740.jpg,4.2
AF1741.jpg,3.88
AF1742.jpg,3.6
AF1743.jpg,2.62
AF1744.jpg,3.02
AF1745.jpg,2.97
AF1746.jpg,3.57
AF1747.jpg,3.6
AF1748.jpg,3.88
AF1749.jpg,3.17
AF175.jpg,3.0
AF1750.jpg,1.78
AF1751.jpg,3.65
AF1752.jpg,4.1
AF1753.jpg,3.27
AF1754.jpg,3.9
AF1755.jpg,4.1
AF1756.jpg,4.0
AF1757.jpg,2.78
AF1758.jpg,2.88
AF1759.jpg,3.98
AF176.jpg,2.12
AF1760.jpg,2.28
AF1761.jpg,3.88
AF1762.jpg,3.78
AF1763.jpg,3.8
AF1764.jpg,3.57
AF1765.jpg,4.0
AF1766.jpg,4.07
AF1767.jpg,3.95
AF1768.jpg,1.67
AF1769.jpg,3.83
AF177.jpg,1.73
AF1770.jpg,4.12
AF1771.jpg,1.67
AF1772.jpg,3.5
AF1773.jpg,2.57
AF1774.jpg,3.02
AF1775.jpg,3.93
AF1776.jpg,3.23
AF1777.jpg,3.68
AF1778.jpg,2.08
AF1779.jpg,3.68
AF178.jpg,2.58
AF1780.jpg,3.68
AF1781.jpg,3.55
AF1782.jpg,3.25
AF1783.jpg,3.62
AF1784.jpg,3.05
AF1785.jpg,3.52
AF1786.jpg,4.07
AF1787.jpg,3.97
AF1788.jpg,4.08
AF1789.jpg,3.65
AF179.jpg,2.03
AF1790.jpg,2.03
AF1791.jpg,3.9
AF1792.jpg,3.88
AF1793.jpg,4.02
AF1794.jpg,3.33
AF1795.jpg,3.3
AF1796.jpg,2.08
AF1797.jpg,3.17
AF1798.jpg,3.47
AF1799.jpg,3.85
AF18.jpg,2.57
AF180.jpg,2.8
AF1800.jpg,3.48
AF1801.jpg,3.87
AF1802.jpg,3.85
AF1803.jpg,3.52
AF1804.jpg,3.65
AF1805.jpg,3.52
AF1806.jpg,4.12
AF1807.jpg,2.72
AF1808.jpg,3.8
AF1809.jpg,2.87
AF181.jpg,2.9
AF1810.jpg,2.58
AF1811.jpg,3.3
AF1812.jpg,3.82
AF1813.jpg,3.88
AF1814.jpg,3.12
AF1815.jpg,3.05
AF1816.jpg,4.57
AF1817.jpg,3.15
AF1818.jpg,3.25
AF1819.jpg,2.88
AF182.jpg,2.32
AF1820.jpg,1.42
AF1821.jpg,3.48
AF1822.jpg,4.18
AF1823.jpg,3.77
AF1824.jpg,1.98
AF1825.jpg,4.02
AF1826.jpg,4.07
AF1827.jpg,4.17
AF1828.jpg,4.08
AF1829.jpg,2.85
AF183.jpg,2.67
AF1830.jpg,4.07
AF1831.jpg,2.87
AF1832.jpg,4.08
AF1833.jpg,3.55
AF1834.jpg,3.8
AF1835.jpg,3.03
AF1836.jpg,3.18
AF1837.jpg,4.47
AF1838.jpg,3.52
AF1839.jpg,4.27
AF184.jpg,3.2
AF1840.jpg,2.47
AF1841.jpg,2.98
AF1842.jpg,3.92
AF1843.jpg,3.5
AF1844.jpg,4.55
AF1845.jpg,1.97
AF1846.jpg,3.7
AF1847.jpg,3.4
AF1848.jpg,3.47
AF1849.jpg,3.28
AF185.jpg,2.15
AF1850.jpg,3.8
AF1851.jpg,2.83
AF1852.jpg,3.83
AF1853.jpg,1.88
AF1854.jpg,3.22
AF1855.jpg,3.38
AF1856.jpg,4.2
AF1857.jpg,4.23
AF1858.jpg,3.38
AF1859.jpg,1.85
AF186.jpg,2.18
AF1860.jpg,3.22
AF1861.jpg,3.88
AF1862.jpg,3.03
AF1863.jpg,3.5
AF1864.jpg,3.93
AF1865.jpg,3.22
AF1866.jpg,1.45
AF1867.jpg,4.02
AF1868.jpg,3.5
AF1869.jpg,3.28
AF187.jpg,3.12
AF1870.jpg,2.98
AF1871.jpg,3.65
AF1872.jpg,3.03
AF1873.jpg,1.63
AF1874.jpg,3.32
AF1875.jpg,2.23
AF1876.jpg,2.85
AF1877.jpg,4.05
AF1878.jpg,3.98
AF1879.jpg,3.8
AF188.jpg,2.88
AF1880.jpg,2.47
AF1881.jpg,3.63
AF1882.jpg,3.68
AF1883.jpg,3.13
AF1884.jpg,2.73
AF1885.jpg,2.72
AF1886.jpg,2.8
AF1887.jpg,3.92
AF1888.jpg,3.42
AF1889.jpg,3.83
AF189.jpg,2.42
AF1890.jpg,1.15
AF1891.jpg,4.27
AF1892.jpg,3.7
AF1893.jpg,3.08
AF1894.jpg,4.42
AF1895.jpg,3.8
AF1896.jpg,3.15
AF1897.jpg,3.95
AF1898.jpg,3.53
AF1899.jpg,2.92
AF19.jpg,3.03
AF190.jpg,2.05
AF1900.jpg,3.03
AF1901.jpg,4.15
AF1902.jpg,3.68
AF1903.jpg,4.07
AF1904.jpg,3.87
AF1905.jpg,3.57
AF1906.jpg,3.13
AF1907.jpg,2.97
AF1908.jpg,4.03
AF1909.jpg,3.38
AF191.jpg,2.67
AF1910.jpg,3.65
AF1911.jpg,3.67
AF1912.jpg,4.03
AF1913.jpg,2.83
AF1914.jpg,3.97
AF1915.jpg,3.47
AF1916.jpg,3.17
AF1917.jpg,2.93
AF1918.jpg,2.98
AF1919.jpg,4.02
AF192.jpg,2.17
AF1920.jpg,3.5
AF1921.jpg,2.47
AF1922.jpg,3.38
AF1923.jpg,3.0
AF1924.jpg,2.3
AF1925.jpg,3.35
AF1926.jpg,3.6
AF1927.jpg,4.2
AF1928.jpg,2.97
AF1929.jpg,3.7
AF193.jpg,2.13
AF1930.jpg,3.72
AF1931.jpg,1.87
AF1932.jpg,2.78
AF1933.jpg,3.12
AF1934.jpg,2.45
AF1935.jpg,1.4
AF1936.jpg,3.48
AF1937.jpg,3.2
AF1938.jpg,2.22
AF1939.jpg,3.43
AF194.jpg,2.78
AF1940.jpg,2.65
AF1941.jpg,3.13
AF1942.jpg,2.47
AF1943.jpg,3.67
AF1944.jpg,3.22
AF1945.jpg,3.07
AF1946.jpg,1.7
AF1947.jpg,3.47
AF1948.jpg,2.77
AF1949.jpg,4.02
AF195.jpg,2.9
AF1950.jpg,2.82
AF1951.jpg,2.9
AF1952.jpg,3.03
AF1953.jpg,2.32
AF1954.jpg,2.78
AF1955.jpg,3.88
AF1956.jpg,3.52
AF1957.jpg,3.4
AF1958.jpg,4.05
AF1959.jpg,1.03
AF196.jpg,2.95
AF1960.jpg,2.38
AF1961.jpg,2.67
AF1962.jpg,3.62
AF1963.jpg,2.67
AF1964.jpg,4.22
AF1965.jpg,1.75
AF1966.jpg,3.8
AF1967.jpg,1.88
AF1968.jpg,1.82
AF1969.jpg,3.1
AF197.jpg,1.95
AF1970.jpg,2.92
AF1971.jpg,1.93
AF1972.jpg,4.08
AF1973.jpg,4.75
AF1974.jpg,2.65
AF1975.jpg,2.12
AF1976.jpg,1.08
AF1977.jpg,4.45
AF1978.jpg,3.92
AF1979.jpg,2.57
AF198.jpg,2.43
AF1980.jpg,3.53
AF1981.jpg,3.77
AF1982.jpg,3.27
AF1983.jpg,3.88
AF1984.jpg,2.33
AF1985.jpg,4.18
AF1986.jpg,1.02
AF1987.jpg,1.8
AF1988.jpg,1.97
AF1989.jpg,3.5
AF199.jpg,2.68
AF1990.jpg,4.17
AF1991.jpg,2.02
AF1992.jpg,3.83
AF1993.jpg,3.9
AF1994.jpg,2.68
AF1995.jpg,1.32
AF1996.jpg,1.6
AF1997.jpg,1.43
AF1998.jpg,2.73
AF1999.jpg,2.73
AF2.jpg,3.95
AF20.jpg,2.73
AF200.jpg,2.33
AF2000.jpg,3.55
AF201.jpg,2.95
AF202.jpg,2.65
AF203.jpg,3.83
AF204.jpg,2.67
AF205.jpg,3.5
AF206.jpg,2.68
AF207.jpg,2.88
AF208.jpg,2.73
AF209.jpg,2.73
AF21.jpg,2.52
AF210.jpg,2.12
AF211.jpg,2.43
AF212.jpg,2.8
AF213.jpg,3.87
AF214.jpg,2.68
AF215.jpg,2.53
AF216.jpg,2.67
AF217.jpg,2.28
AF218.jpg,2.25
AF219.jpg,2.13
AF22.jpg,2.42
AF220.jpg,2.65
AF221.jpg,2.43
AF222.jpg,2.58
AF223.jpg,2.35
AF224.jpg,2.68
AF225.jpg,3.72
AF226.jpg,2.13
AF227.jpg,2.57
AF228.jpg,2.43
AF229.jpg,2.93
AF23.jpg,3.3
AF230.jpg,2.68
AF231.jpg,2.67
AF232.jpg,1.98
AF233.jpg,2.93
AF234.jpg,2.3
AF235.jpg,2.65
AF236.jpg,3.9
AF237.jpg,2.9
AF238.jpg,2.68
AF239.jpg,2.87
AF24.jpg,2.43
AF240.jpg,3.07
AF241.jpg,1.98
AF242.jpg,2.77
AF243.jpg,2.48
AF244.jpg,4.22
AF245.jpg,2.6
AF246.jpg,3.2
AF247.jpg,2.87
AF248.jpg,1.83
AF249.jpg,2.95
AF25.jpg,1.77
AF250.jpg,2.72
AF251.jpg,2.7
AF252.jpg,2.78
AF253.jpg,2.7
AF254.jpg,3.18
AF255.jpg,1.78
AF256.jpg,2.8
AF257.jpg,2.38
AF258.jpg,2.3
AF259.jpg,2.0
AF26.jpg,2.25
AF260.jpg,2.27
AF261.jpg,2.13
AF262.jpg,2.4
AF263.jpg,3.2
AF264.jpg,2.58
AF265.jpg,1.85
AF266.jpg,2.4
AF267.jpg,1.93
AF268.jpg,3.3
AF269.jpg,3.67
AF27.jpg,2.67
AF270.jpg,1.47
AF271.jpg,3.23
AF272.jpg,3.37
AF273.jpg,2.53
AF274.jpg,2.95
AF275.jpg,2.6
AF276.jpg,2.13
AF277.jpg,2.62
AF278.jpg,2.87
AF279.jpg,3.08
AF28.jpg,2.27
AF280.jpg,2.58
AF281.jpg,2.18
AF282.jpg,2.58
AF283.jpg,3.07
AF284.jpg,3.12
AF285.jpg,2.92
AF286.jpg,2.82
AF287.jpg,1.7
AF288.jpg,2.5
AF289.jpg,2.27
AF29.jpg,3.05
AF290.jpg,2.47
AF291.jpg,2.27
AF292.jpg,2.78
AF293.jpg,2.57
AF294.jpg,2.55
AF295.jpg,2.13
AF296.jpg,2.82
AF297.jpg,4.3
AF298.jpg,2.38
AF299.jpg,2.25
AF3.jpg,3.18
AF30.jpg,3.1
AF300.jpg,4.18
AF301.jpg,2.52
AF302.jpg,2.8
AF303.jpg,2.9
AF304.jpg,1.93
AF305.jpg,1.83
AF306.jpg,2.93
AF307.jpg,2.47
AF308.jpg,2.48
AF309.jpg,3.18
AF31.jpg,3.18
AF310.jpg,2.48
AF311.jpg,2.53
AF312.jpg,2.23
AF313.jpg,2.6
AF314.jpg,1.73
AF315.jpg,3.2
AF316.jpg,2.43
AF317.jpg,3.92
AF318.jpg,2.02
AF319.jpg,3.02
AF32.jpg,3.15
AF320.jpg,2.33
AF321.jpg,2.42
AF322.jpg,1.82
AF323.jpg,2.52
AF324.jpg,2.83
AF325.jpg,2.53
AF326.jpg,2.83
AF327.jpg,3.02
AF328.jpg,2.85
AF329.jpg,3.13
AF33.jpg,2.7
AF330.jpg,3.25
AF331.jpg,2.08
AF332.jpg,2.43
AF333.jpg,2.6
AF334.jpg,2.25
AF335.jpg,2.38
AF336.jpg,2.65
AF337.jpg,2.13
AF338.jpg,3.1
AF339.jpg,2.2
AF34.jpg,2.23
AF340.jpg,2.62
AF341.jpg,2.48
AF342.jpg,2.68
AF343.jpg,2.9
AF344.jpg,2.53
AF345.jpg,1.5
AF346.jpg,2.4
AF347.jpg,2.72
AF348.jpg,2.42
AF349.jpg,2.57
AF35.jpg,2.77
AF350.jpg,2.27
AF351.jpg,2.53
AF352.jpg,2.17
AF353.jpg,2.38
AF354.jpg,2.82
AF355.jpg,2.7
AF356.jpg,3.1
AF357.jpg,2.53
AF358.jpg,3.07
AF359.jpg,2.08
AF36.jpg,2.48
AF360.jpg,2.32
AF361.jpg,2.93
AF362.jpg,2.02
AF363.jpg,2.03
AF364.jpg,2.8
AF365.jpg,1.93
AF366.jpg,2.77
AF367.jpg,2.6
AF368.jpg,2.6
AF369.jpg,3.15
AF37.jpg,2.17
AF370.jpg,2.52
AF371.jpg,2.45
AF372.jpg,2.63
AF373.jpg,2.55
AF374.jpg,2.28
AF375.jpg,2.28
AF376.jpg,2.67
AF377.jpg,2.12
AF378.jpg,2.93
AF379.jpg,2.5
AF38.jpg,2.32
AF380.jpg,2.9
AF381.jpg,2.87
AF382.jpg,2.12
AF383.jpg,2.48
AF384.jpg,2.03
AF385.jpg,2.48
AF386.jpg,3.0
AF387.jpg,2.28
AF388.jpg,1.6
AF389.jpg,2.83
AF39.jpg,1.85
AF390.jpg,2.68
AF391.jpg,1.35
AF392.jpg,2.98
AF393.jpg,2.77
AF394.jpg,2.63
AF395.jpg,4.03
AF396.jpg,2.0
AF397.jpg,2.67
AF398.jpg,4.07
AF399.jpg,2.13
AF4.jpg,2.68
AF40.jpg,2.58
AF400.jpg,2.78
AF401.jpg,1.83
AF402.jpg,3.47
AF403.jpg,2.63
AF404.jpg,2.63
AF405.jpg,2.8
AF406.jpg,2.58
AF407.jpg,3.27
AF408.jpg,3.1
AF409.jpg,4.18
AF41.jpg,4.25
AF410.jpg,2.27
AF411.jpg,2.42
AF412.jpg,3.07
AF413.jpg,1.83
AF414.jpg,2.35
AF415.jpg,2.55
AF416.jpg,2.53
AF417.jpg,2.93
AF418.jpg,2.73
AF419.jpg,2.73
AF42.jpg,2.3
AF420.jpg,3.42
AF421.jpg,2.55
AF422.jpg,2.37
AF423.jpg,2.95
AF424.jpg,2.6
AF425.jpg,2.47
AF426.jpg,2.37
AF427.jpg,2.33
AF428.jpg,2.77
AF429.jpg,2.47
AF43.jpg,2.17
AF430.jpg,2.82
AF431.jpg,2.93
AF432.jpg,3.03
AF433.jpg,3.92
AF434.jpg,3.0
AF435.jpg,1.68
AF436.jpg,2.05
AF437.jpg,3.08
AF438.jpg,2.7
AF439.jpg,2.78
AF44.jpg,2.78
AF440.jpg,2.58
AF441.jpg,3.0
AF442.jpg,2.63
AF443.jpg,2.0
AF444.jpg,3.17
AF445.jpg,2.17
AF446.jpg,3.05
AF447.jpg,3.98
AF448.jpg,2.68
AF449.jpg,2.67
AF45.jpg,2.67
AF450.jpg,3.1
AF451.jpg,3.02
AF452.jpg,2.62
AF453.jpg,4.1
AF454.jpg,2.8
AF455.jpg,2.27
AF456.jpg,2.65
AF457.jpg,2.58
AF458.jpg,2.55
AF459.jpg,2.08
AF46.jpg,2.2
AF460.jpg,2.63
AF461.jpg,2.35
AF462.jpg,2.65
AF463.jpg,2.32
AF464.jpg,3.32
AF465.jpg,2.38
AF466.jpg,2.95
AF467.jpg,3.27
AF468.jpg,2.68
AF469.jpg,2.88
AF47.jpg,2.88
AF470.jpg,3.62
AF471.jpg,3.25
AF472.jpg,3.02
AF473.jpg,2.65
AF474.jpg,2.18
AF475.jpg,1.85
AF476.jpg,3.97
AF477.jpg,3.25
AF478.jpg,2.93
AF479.jpg,2.55
AF48.jpg,2.3
AF480.jpg,3.12
AF481.jpg,2.28
AF482.jpg,2.73
AF483.jpg,2.77
AF484.jpg,3.62
AF485.jpg,2.55
AF486.jpg,2.42
AF487.jpg,2.58
AF488.jpg,3.3
AF489.jpg,2.3
AF49.jpg,2.13
AF490.jpg,2.3
AF491.jpg,3.72
AF492.jpg,4.17
AF493.jpg,2.8
AF494.jpg,2.3
AF495.jpg,2.53
AF496.jpg,2.23
AF497.jpg,2.05
AF498.jpg,2.65
AF499.jpg,3.08
AF5.jpg,2.0
AF50.jpg,2.58
AF500.jpg,2.35
AF501.jpg,3.83
AF502.jpg,2.62
AF503.jpg,4.35
AF504.jpg,2.28
AF505.jpg,2.68
AF506.jpg,2.98
AF507.jpg,2.57
AF508.jpg,2.22
AF509.jpg,2.63
AF51.jpg,2.35
AF510.jpg,3.73
AF511.jpg,2.77
AF512.jpg,2.47
AF513.jpg,2.93
AF514.jpg,2.18
AF515.jpg,3.27
AF516.jpg,2.77
AF517.jpg,2.28
AF518.jpg,2.15
AF519.jpg,2.78
AF52.jpg,2.13
AF520.jpg,1.67
AF521.jpg,2.88
AF522.jpg,2.3
AF523.jpg,2.4
AF524.jpg,2.7
AF525.jpg,2.28
AF526.jpg,3.12
AF527.jpg,3.13
AF528.jpg,2.92
AF529.jpg,2.55
AF53.jpg,2.17
AF530.jpg,2.83
AF531.jpg,3.0
AF532.jpg,2.15
AF533.jpg,2.8
AF534.jpg,2.43
AF535.jpg,2.58
AF536.jpg,1.85
AF537.jpg,2.48
AF538.jpg,3.13
AF539.jpg,3.93
AF54.jpg,2.22
AF540.jpg,2.5
AF541.jpg,2.65
AF542.jpg,3.12
AF543.jpg,2.5
AF544.jpg,2.22
AF545.jpg,3.88
AF546.jpg,1.88
AF547.jpg,2.67
AF548.jpg,3.62
AF549.jpg,2.18
AF55.jpg,2.25
AF550.jpg,2.53
AF551.jpg,3.73
AF552.jpg,2.87
AF553.jpg,2.95
AF554.jpg,3.42
AF555.jpg,2.78
AF556.jpg,2.58
AF557.jpg,1.95
AF558.jpg,2.33
AF559.jpg,2.97
AF56.jpg,3.32
AF560.jpg,2.28
AF561.jpg,4.07
AF562.jpg,2.87
AF563.jpg,3.08
AF564.jpg,2.98
AF565.jpg,4.05
AF566.jpg,2.35
AF567.jpg,3.5
AF568.jpg,2.42
AF569.jpg,3.72
AF57.jpg,2.22
AF570.jpg,2.38
AF571.jpg,2.9
AF572.jpg,3.33
AF573.jpg,2.68
AF574.jpg,2.92
AF575.jpg,2.92
AF576.jpg,2.55
AF577.jpg,2.92
AF578.jpg,2.13
AF579.jpg,2.52
AF58.jpg,2.67
AF580.jpg,2.72
AF581.jpg,2.87
AF582.jpg,3.83
AF583.jpg,2.5
AF584.jpg,2.57
AF585.jpg,2.2
AF586.jpg,4.12
AF587.jpg,1.77
AF588.jpg,3.02
AF589.jpg,2.58
AF59.jpg,2.08
AF590.jpg,2.77
AF591.jpg,2.65
AF592.jpg,4.53
AF593.jpg,3.78
AF594.jpg,2.47
AF595.jpg,2.28
AF596.jpg,2.83
AF597.jpg,2.92
AF598.jpg,2.35
AF599.jpg,2.73
AF6.jpg,1.57
AF60.jpg,2.72
AF600.jpg,3.35
AF601.jpg,2.25
AF602.jpg,2.65
AF603.jpg,4.32
AF604.jpg,2.8
AF605.jpg,2.67
AF606.jpg,2.98
AF607.jpg,2.55
AF608.jpg,2.32
AF609.jpg,2.47
AF61.jpg,2.37
AF610.jpg,1.87
AF611.jpg,2.77
AF612.jpg,2.3
AF613.jpg,2.08
AF614.jpg,3.03
AF615.jpg,2.67
AF616.jpg,2.02
AF617.jpg,2.48
AF618.jpg,3.0
AF619.jpg,2.97
AF62.jpg,2.63
AF620.jpg,2.5
AF621.jpg,2.78
AF622.jpg,2.2
AF623.jpg,3.02
AF624.jpg,2.7
AF625.jpg,3.1
AF626.jpg,2.6
AF627.jpg,2.53
AF628.jpg,2.63
AF629.jpg,2.87
AF63.jpg,1.78
AF630.jpg,3.78
AF631.jpg,3.4
AF632.jpg,2.2
AF633.jpg,3.6
AF634.jpg,3.38
AF635.jpg,2.9
AF636.jpg,3.58
AF637.jpg,2.7
AF638.jpg,2.4
AF639.jpg,4.18
AF64.jpg,2.3
AF640.jpg,2.6
AF641.jpg,2.48
AF642.jpg,2.7
AF643.jpg,2.2
AF644.jpg,2.6
AF645.jpg,2.78
AF646.jpg,3.63
AF647.jpg,3.7
AF648.jpg,2.67
AF649.jpg,2.2
AF65.jpg,2.92
AF650.jpg,2.45
AF651.jpg,2.65
AF652.jpg,2.63
AF653.jpg,2.58
AF654.jpg,2.52
AF655.jpg,3.32
AF656.jpg,2.6
AF657.jpg,2.42
AF658.jpg,2.8
AF659.jpg,2.55
AF66.jpg,2.0
AF660.jpg,2.5
AF661.jpg,2.38
AF662.jpg,2.93
AF663.jpg,2.95
AF664.jpg,2.4
AF665.jpg,2.55
AF666.jpg,2.93
AF667.jpg,2.3
AF668.jpg,2.18
AF669.jpg,3.18
AF67.jpg,3.08
AF670.jpg,3.05
AF671.jpg,2.6
AF672.jpg,2.47
AF673.jpg,3.08
AF674.jpg,2.85
AF675.jpg,4.02
AF676.jpg,2.6
AF677.jpg,2.28
AF678.jpg,3.83
AF679.jpg,2.68
AF68.jpg,2.77
AF680.jpg,2.12
AF681.jpg,2.73
AF682.jpg,3.85
AF683.jpg,2.87
AF684.jpg,2.85
AF685.jpg,4.37
AF686.jpg,2.6
AF687.jpg,2.73
AF688.jpg,1.62
AF689.jpg,2.53
AF69.jpg,2.78
AF690.jpg,3.55
AF691.jpg,2.48
AF692.jpg,2.37
AF693.jpg,2.78
AF694.jpg,1.62
AF695.jpg,4.52
AF696.jpg,2.32
AF697.jpg,3.42
AF698.jpg,2.33
AF699.jpg,3.27
AF7.jpg,2.57
AF70.jpg,2.92
AF700.jpg,1.85
AF701.jpg,3.07
AF702.jpg,3.32
AF703.jpg,2.48
AF704.jpg,2.62
AF705.jpg,2.43
AF706.jpg,1.92
AF707.jpg,2.07
AF708.jpg,1.9
AF709.jpg,2.82
AF71.jpg,2.7
AF710.jpg,1.93
AF711.jpg,2.67
AF712.jpg,2.62
AF713.jpg,2.53
AF714.jpg,2.73
AF715.jpg,4.43
AF716.jpg,1.5
AF717.jpg,2.03
AF718.jpg,2.65
AF719.jpg,2.23
AF72.jpg,2.32
AF720.jpg,3.95
AF721.jpg,2.6
AF722.jpg,4.2
AF723.jpg,2.77
AF724.jpg,4.28
AF725.jpg,2.53
AF726.jpg,3.0
AF727.jpg,3.38
AF728.jpg,1.62
AF729.jpg,2.67
AF73.jpg,3.03
AF730.jpg,2.5
AF731.jpg,3.97
AF732.jpg,2.73
AF733.jpg,2.6
AF734.jpg,2.95
AF735.jpg,2.5
AF736.jpg,2.15
AF737.jpg,2.67
AF738.jpg,4.48
AF739.jpg,2.45
AF74.jpg,2.18
AF740.jpg,2.6
AF741.jpg,2.62
AF742.jpg,2.62
AF743.jpg,2.97
AF744.jpg,2.38
AF745.jpg,2.82
AF746.jpg,3.27
AF747.jpg,2.53
AF748.jpg,2.75
AF749.jpg,2.57
AF75.jpg,2.3
AF750.jpg,3.5
AF751.jpg,3.1
AF752.jpg,2.43
AF753.jpg,4.02
AF754.jpg,2.35
AF755.jpg,4.25
AF756.jpg,1.32
AF757.jpg,1.43
AF758.jpg,3.73
AF759.jpg,2.25
AF76.jpg,2.9
AF760.jpg,2.67
AF761.jpg,2.07
AF762.jpg,4.03
AF763.jpg,2.6
AF764.jpg,2.6
AF765.jpg,2.63
AF766.jpg,2.47
AF767.jpg,2.77
AF768.jpg,3.02
AF769.jpg,2.58
AF77.jpg,2.67
AF770.jpg,3.57
AF771.jpg,2.58
AF772.jpg,4.13
AF773.jpg,2.52
AF774.jpg,2.88
AF775.jpg,2.48
AF776.jpg,3.25
AF777.jpg,2.25
AF778.jpg,2.8
AF779.jpg,3.83
AF78.jpg,2.65
AF780.jpg,3.07
AF781.jpg,2.52
AF782.jpg,2.82
AF783.jpg,4.32
AF784.jpg,3.4
AF785.jpg,2.67
AF786.jpg,2.85
AF787.jpg,2.37
AF788.jpg,1.38
AF789.jpg,1.53
AF79.jpg,2.78
AF790.jpg,2.92
AF791.jpg,2.68
AF792.jpg,2.9
AF793.jpg,2.85
AF794.jpg,3.23
AF795.jpg,2.57
AF796.jpg,2.57
AF797.jpg,2.77
AF798.jpg,4.17
AF799.jpg,3.12
AF8.jpg,2.75
AF80.jpg,2.87
AF800.jpg,2.02
AF801.jpg,2.63
AF802.jpg,2.78
AF803.jpg,2.8
AF804.jpg,2.83
AF805.jpg,2.45
AF806.jpg,2.2
AF807.jpg,2.97
AF808.jpg,2.1
AF809.jpg,2.83
AF81.jpg,2.12
AF810.jpg,2.9
AF811.jpg,2.42
AF812.jpg,3.92
AF813.jpg,3.13
AF814.jpg,2.92
AF815.jpg,1.32
AF816.jpg,2.9
AF817.jpg,2.67
AF818.jpg,3.05
AF819.jpg,2.97
AF82.jpg,2.5
AF820.jpg,2.9
AF821.jpg,1.9
AF822.jpg,2.15
AF823.jpg,2.97
AF824.jpg,2.28
AF825.jpg,2.92
AF826.jpg,2.8
AF827.jpg,2.93
AF828.jpg,2.28
AF829.jpg,2.2
AF83.jpg,2.68
AF830.jpg,2.82
AF831.jpg,2.38
AF832.jpg,2.97
AF833.jpg,3.2
AF834.jpg,2.62
AF835.jpg,2.78
AF836.jpg,4.0
AF837.jpg,2.32
AF838.jpg,4.22
AF839.jpg,3.27
AF84.jpg,2.83
AF840.jpg,3.73
AF841.jpg,2.42
AF842.jpg,2.68
AF843.jpg,2.42
AF844.jpg,2.77
AF845.jpg,3.23
AF846.jpg,1.73
AF847.jpg,2.75
AF848.jpg,2.92
AF849.jpg,2.67
AF85.jpg,2.78
AF850.jpg,3.62
AF851.jpg,2.25
AF852.jpg,2.8
AF853.jpg,2.52
AF854.jpg,2.8
AF855.jpg,4.1
AF856.jpg,3.23
AF857.jpg,2.33
AF858.jpg,3.95
AF859.jpg,3.12
AF86.jpg,2.33
AF860.jpg,3.8
AF861.jpg,3.15
AF862.jpg,4.27
AF863.jpg,2.78
AF864.jpg,2.67
AF865.jpg,2.4
AF866.jpg,2.38
AF867.jpg,4.02
AF868.jpg,2.23
AF869.jpg,3.92
AF87.jpg,2.33
AF870.jpg,2.6
AF871.jpg,2.8
AF872.jpg,4.32
AF873.jpg,2.93
AF874.jpg,2.77
AF875.jpg,2.53
AF876.jpg,2.75
AF877.jpg,3.95
AF878.jpg,2.75
AF879.jpg,2.7
AF88.jpg,2.4
AF880.jpg,3.78
AF881.jpg,4.02
AF882.jpg,4.13
AF883.jpg,3.17
AF884.jpg,2.45
AF885.jpg,4.22
AF886.jpg,2.25
AF887.jpg,2.02
AF888.jpg,2.78
AF889.jpg,2.58
AF89.jpg,1.65
AF890.jpg,3.3
AF891.jpg,2.28
AF892.jpg,3.8
AF893.jpg,2.8
AF894.jpg,3.17
AF895.jpg,3.52
AF896.jpg,3.03
AF897.jpg,4.38
AF898.jpg,4.07
AF899.jpg,2.62
AF9.jpg,2.15
AF90.jpg,1.78
AF900.jpg,2.9
AF901.jpg,2.42
AF902.jpg,3.48
AF903.jpg,3.07
AF904.jpg,2.57
AF905.jpg,4.42
AF906.jpg,2.95
AF907.jpg,2.1
AF908.jpg,3.07
AF909.jpg,3.5
AF91.jpg,2.78
AF910.jpg,3.22
AF911.jpg,2.07
AF912.jpg,3.78
AF913.jpg,2.8
AF914.jpg,3.78
AF915.jpg,3.17
AF916.jpg,3.03
AF917.jpg,1.43
AF918.jpg,2.28
AF919.jpg,2.65
AF92.jpg,2.53
AF920.jpg,2.6
AF921.jpg,4.1
AF922.jpg,1.68
AF923.jpg,2.77
AF924.jpg,3.12
AF925.jpg,2.35
AF926.jpg,3.93
AF927.jpg,3.17
AF928.jpg,4.12
AF929.jpg,3.8
AF93.jpg,2.53
AF930.jpg,4.02
AF931.jpg,2.67
AF932.jpg,3.13
AF933.jpg,3.98
AF934.jpg,3.87
AF935.jpg,2.9
AF936.jpg,2.5
AF937.jpg,2.85
AF938.jpg,3.62
AF939.jpg,1.97
AF94.jpg,2.87
AF940.jpg,3.3
AF941.jpg,1.53
AF942.jpg,4.08
AF943.jpg,2.38
AF944.jpg,4.0
AF945.jpg,3.2
AF946.jpg,3.52
AF947.jpg,3.35
AF948.jpg,2.77
AF949.jpg,2.78
AF95.jpg,2.53
AF950.jpg,3.57
AF951.jpg,2.98
AF952.jpg,3.27
AF953.jpg,3.83
AF954.jpg,4.0
AF955.jpg,4.0
AF956.jpg,3.35
AF957.jpg,3.02
AF958.jpg,3.05
AF959.jpg,3.35
AF96.jpg,3.1
AF960.jpg,2.42
AF961.jpg,3.83
AF962.jpg,3.98
AF963.jpg,4.22
AF964.jpg,3.78
AF965.jpg,2.93
AF966.jpg,3.03
AF967.jpg,3.9
AF968.jpg,2.3
AF969.jpg,3.78
AF97.jpg,2.3
AF970.jpg,2.53
AF971.jpg,4.1
AF972.jpg,4.37
AF973.jpg,3.0
AF974.jpg,2.72
AF975.jpg,2.47
AF976.jpg,4.32
AF977.jpg,3.58
AF978.jpg,2.05
AF979.jpg,2.38
AF98.jpg,2.0
AF980.jpg,3.93
AF981.jpg,2.88
AF982.jpg,2.88
AF983.jpg,3.6
AF984.jpg,3.72
AF985.jpg,1.6
AF986.jpg,2.18
AF987.jpg,3.53
AF988.jpg,2.43
AF989.jpg,2.48
AF99.jpg,2.53
AF990.jpg,2.07
AF991.jpg,2.78
AF992.jpg,2.67
AF993.jpg,2.65
AF994.jpg,3.67
AF995.jpg,3.02
AF996.jpg,3.37
AF997.jpg,3.73
AF998.jpg,3.35
AF999.jpg,3.5
AM1.jpg,3.95
AM10.jpg,1.17
AM100.jpg,2.02
AM1000.jpg,2.77
AM1001.jpg,2.3
AM1002.jpg,1.92
AM1003.jpg,2.47
AM1004.jpg,2.3
AM1005.jpg,2.45
AM1006.jpg,2.23
AM1007.jpg,2.32
AM1008.jpg,2.48
AM1009.jpg,2.72
AM101.jpg,3.48
AM1010.jpg,2.25
AM1011.jpg,2.75
AM1012.jpg,2.07
AM1013.jpg,2.77
AM1014.jpg,1.87
AM1015.jpg,2.33
AM1016.jpg,1.82
AM1017.jpg,2.28
AM1018.jpg,2.88
AM1019.jpg,2.7
AM102.jpg,2.93
AM1020.jpg,3.95
AM1021.jpg,2.85
AM1022.jpg,1.98
AM1023.jpg,2.48
AM1024.jpg,3.15
AM1025.jpg,2.53
AM1026.jpg,2.27
AM1027.jpg,2.28
AM1028.jpg,2.25
AM1029.jpg,2.25
AM103.jpg,3.22
AM1030.jpg,2.62
AM1031.jpg,2.05
AM1032.jpg,1.72
AM1033.jpg,2.0
AM1034.jpg,2.23
AM1035.jpg,2.07
AM1036.jpg,1.98
AM1037.jpg,2.27
AM1038.jpg,2.78
AM1039.jpg,3.12
AM104.jpg,3.75
AM1040.jpg,2.13
AM1041.jpg,3.3
AM1042.jpg,2.67
AM1043.jpg,3.73
AM1044.jpg,2.73
AM1045.jpg,2.0
AM1046.jpg,2.45
AM1047.jpg,4.45
AM1048.jpg,2.53
AM1049.jpg,2.85
AM105.jpg,3.32
AM1050.jpg,3.03
AM1051.jpg,2.8
AM1052.jpg,2.5
AM1053.jpg,2.78
AM1054.jpg,1.83
AM1055.jpg,2.48
AM1056.jpg,2.68
AM1057.jpg,2.32
AM1058.jpg,2.72
AM1059.jpg,2.02
AM106.jpg,3.1
AM1060.jpg,2.07
AM1061.jpg,2.65
AM1062.jpg,2.68
AM1063.jpg,2.02
AM1064.jpg,4.13
AM1065.jpg,2.13
AM1066.jpg,2.65
AM1067.jpg,2.13
AM1068.jpg,2.02
AM1069.jpg,2.23
AM107.jpg,2.98
AM1070.jpg,2.63
AM1071.jpg,2.12
AM1072.jpg,3.05
AM1073.jpg,2.2
AM1074.jpg,2.6
AM1075.jpg,2.63
AM1076.jpg,2.72
AM1077.jpg,2.5
AM1078.jpg,2.45
AM1079.jpg,2.33
AM108.jpg,3.9
AM1080.jpg,2.62
AM1081.jpg,2.17
AM1082.jpg,2.13
AM1083.jpg,2.7
AM1084.jpg,2.45
AM1085.jpg,2.78
AM1086.jpg,3.22
AM1087.jpg,2.0
AM1088.jpg,2.3
AM1089.jpg,1.97
AM109.jpg,3.33
AM1090.jpg,2.17
AM1091.jpg,2.37
AM1092.jpg,3.45
AM1093.jpg,3.03
AM1094.jpg,2.75
AM1095.jpg,4.15
AM1096.jpg,3.42
AM1097.jpg,2.22
AM1098.jpg,3.25
AM1099.jpg,2.82
AM11.jpg,4.15
AM110.jpg,2.33
AM1100.jpg,2.15
AM1101.jpg,2.38
AM1102.jpg,2.43
AM1103.jpg,3.12
AM1104.jpg,1.98
AM1105.jpg,2.33
AM1106.jpg,2.12
AM1107.jpg,2.08
AM1108.jpg,3.03
AM1109.jpg,2.15
AM111.jpg,1.25
AM1110.jpg,2.6
AM1111.jpg,2.22
AM1112.jpg,2.75
AM1113.jpg,2.95
AM1114.jpg,3.32
AM1115.jpg,2.58
AM1116.jpg,2.5
AM1117.jpg,2.9
AM1118.jpg,2.32
AM1119.jpg,2.63
AM112.jpg,4.13
AM1120.jpg,2.52
AM1121.jpg,2.57
AM1122.jpg,2.22
AM1123.jpg,2.15
AM1124.jpg,2.12
AM1125.jpg,2.02
AM1126.jpg,2.4
AM1127.jpg,2.78
AM1128.jpg,2.63
AM1129.jpg,2.23
AM113.jpg,3.3
AM1130.jpg,2.03
AM1131.jpg,2.35
AM1132.jpg,1.97
AM1133.jpg,2.72
AM1134.jpg,2.8
AM1135.jpg,2.3
AM1136.jpg,2.52
AM1137.jpg,3.0
AM1138.jpg,2.58
AM1139.jpg,2.35
AM114.jpg,3.2
AM1140.jpg,2.58
AM1141.jpg,3.28
AM1142.jpg,2.27
AM1143.jpg,2.35
AM1144.jpg,2.23
AM1145.jpg,4.25
AM1146.jpg,2.73
AM1147.jpg,2.53
AM1148.jpg,2.6
AM1149.jpg,1.82
AM115.jpg,1.9
AM1150.jpg,2.2
AM1151.jpg,2.57
AM1152.jpg,2.03
AM1153.jpg,2.35
AM1154.jpg,2.95
AM1155.jpg,2.67
AM1156.jpg,3.1
AM1157.jpg,2.73
AM1158.jpg,2.87
AM1159.jpg,2.7
AM116.jpg,3.92
AM1160.jpg,2.42
AM1161.jpg,2.65
AM1162.jpg,4.1
AM1163.jpg,2.5
AM1164.jpg,2.72
AM1165.jpg,2.57
AM1166.jpg,2.43
AM1167.jpg,2.73
AM1168.jpg,2.0
AM1169.jpg,2.25
AM117.jpg,4.12
AM1170.jpg,2.15
AM1171.jpg,2.47
AM1172.jpg,2.27
AM1173.jpg,1.9
AM1174.jpg,2.43
AM1175.jpg,2.75
AM1176.jpg,1.95
AM1177.jpg,2.0
AM1178.jpg,2.13
AM1179.jpg,2.73
AM118.jpg,4.18
AM1180.jpg,2.75
AM1181.jpg,2.48
AM1182.jpg,2.18
AM1183.jpg,2.8
AM1184.jpg,3.03
AM1185.jpg,2.83
AM1186.jpg,2.38
AM1187.jpg,2.83
AM1188.jpg,2.47
AM1189.jpg,2.43
AM119.jpg,3.83
AM1190.jpg,3.05
AM1191.jpg,2.53
AM1192.jpg,2.88
AM1193.jpg,2.87
AM1194.jpg,2.73
AM1195.jpg,1.97
AM1196.jpg,2.37
AM1197.jpg,2.22
AM1198.jpg,2.58
AM1199.jpg,2.68
AM12.jpg,2.53
AM120.jpg,4.43
AM1200.jpg,2.78
AM1201.jpg,2.15
AM1202.jpg,2.68
AM1203.jpg,2.83
AM1204.jpg,2.53
AM1205.jpg,2.58
AM1206.jpg,2.27
AM1207.jpg,2.13
AM1208.jpg,2.33
AM1209.jpg,2.47
AM121.jpg,2.55
AM1210.jpg,2.35
AM1211.jpg,2.1
AM1212.jpg,2.47
AM1213.jpg,2.22
AM1214.jpg,2.83
AM1215.jpg,2.3
AM1216.jpg,2.3
AM1217.jpg,2.9
AM1218.jpg,3.57
AM1219.jpg,3.15
AM122.jpg,3.25
AM1220.jpg,2.25
AM1221.jpg,2.85
AM1222.jpg,2.82
AM1223.jpg,2.63
AM1224.jpg,2.53
AM1225.jpg,2.38
AM1226.jpg,2.8
AM1227.jpg,2.37
AM1228.jpg,2.37
AM1229.jpg,2.57
AM123.jpg,4.38
AM1230.jpg,2.58
AM1231.jpg,1.95
AM1232.jpg,2.45
AM1233.jpg,2.62
AM1234.jpg,2.15
AM1235.jpg,2.28
AM1236.jpg,2.17
AM1237.jpg,2.57
AM1238.jpg,2.8
AM1239.jpg,2.63
AM124.jpg,4.45
AM1240.jpg,2.3
AM1241.jpg,2.3
AM1242.jpg,1.93
AM1243.jpg,2.57
AM1244.jpg,2.3
AM1245.jpg,2.7
AM1246.jpg,2.57
AM1247.jpg,2.1
AM1248.jpg,2.5
AM1249.jpg,2.42
AM125.jpg,3.9
AM1250.jpg,2.67
AM1251.jpg,2.85
AM1252.jpg,2.2
AM1253.jpg,2.48
AM1254.jpg,2.47
AM1255.jpg,2.35
AM1256.jpg,2.77
AM1257.jpg,2.6
AM1258.jpg,2.7
AM1259.jpg,2.75
AM126.jpg,1.77
AM1260.jpg,2.55
AM1261.jpg,2.57
AM1262.jpg,2.73
AM1263.jpg,2.47
AM1264.jpg,3.0
AM1265.jpg,2.08
AM1266.jpg,3.13
AM1267.jpg,2.2
AM1268.jpg,2.45
AM1269.jpg,2.3
AM127.jpg,3.9
AM1270.jpg,2.35
AM1271.jpg,2.45
AM1272.jpg,2.05
AM1273.jpg,2.77
AM1274.jpg,2.63
AM1275.jpg,2.43
AM1276.jpg,2.17
AM1277.jpg,2.22
AM1278.jpg,2.13
AM1279.jpg,2.87
AM128.jpg,3.37
AM1280.jpg,2.78
AM1281.jpg,2.47
AM1282.jpg,2.05
AM1283.jpg,2.98
AM1284.jpg,2.37
AM1285.jpg,2.17
AM1286.jpg,2.65
AM1287.jpg,2.38
AM1288.jpg,1.95
AM1289.jpg,2.65
AM129.jpg,4.3
AM1290.jpg,2.47
AM1291.jpg,2.22
AM1292.jpg,2.83
AM1293.jpg,2.57
AM1294.jpg,2.43
AM1295.jpg,2.23
AM1296.jpg,2.67
AM1297.jpg,2.43
AM1298.jpg,2.62
AM1299.jpg,2.6
AM13.jpg,2.87
AM130.jpg,3.67
AM1300.jpg,2.3
AM1301.jpg,2.62
AM1302.jpg,2.42
AM1303.jpg,2.15
AM1304.jpg,2.38
AM1305.jpg,2.75
AM1306.jpg,2.53
AM1307.jpg,2.6
AM1308.jpg,2.33
AM1309.jpg,2.7
AM131.jpg,4.28
AM1310.jpg,2.62
AM1311.jpg,2.87
AM1312.jpg,2.73
AM1313.jpg,2.6
AM1314.jpg,2.6
AM1315.jpg,2.43
AM1316.jpg,2.35
AM1317.jpg,2.58
AM1318.jpg,2.65
AM1319.jpg,2.53
AM132.jpg,2.65
AM1320.jpg,2.25
AM1321.jpg,2.65
AM1322.jpg,2.2
AM1323.jpg,2.95
AM1324.jpg,2.6
AM1325.jpg,2.27
AM1326.jpg,2.63
AM1327.jpg,2.67
AM1328.jpg,2.4
AM1329.jpg,2.7
AM133.jpg,3.1
AM1330.jpg,2.83
AM1331.jpg,2.65
AM1332.jpg,2.43
AM1333.jpg,2.55
AM1334.jpg,2.1
AM1335.jpg,2.83
AM1336.jpg,2.53
AM1337.jpg,2.53
AM1338.jpg,2.43
AM1339.jpg,2.27
AM134.jpg,3.98
AM1340.jpg,2.62
AM1341.jpg,2.85
AM1342.jpg,2.58
AM1343.jpg,2.5
AM1344.jpg,2.7
AM1345.jpg,2.67
AM1346.jpg,2.55
AM1347.jpg,2.48
AM1348.jpg,2.35
AM1349.jpg,2.7
AM135.jpg,2.42
AM1350.jpg,2.32
AM1351.jpg,2.75
AM1352.jpg,2.63
AM1353.jpg,2.4
AM1354.jpg,2.0
AM1355.jpg,2.8
AM1356.jpg,2.38
AM1357.jpg,2.57
AM1358.jpg,2.85
AM1359.jpg,2.4
AM136.jpg,2.57
AM1360.jpg,2.22
AM1361.jpg,2.35
AM1362.jpg,2.62
AM1363.jpg,1.67
AM1364.jpg,2.3
AM1365.jpg,2.55
AM1366.jpg,2.8
AM1367.jpg,2.4
AM1368.jpg,2.72
AM1369.jpg,2.58
AM137.jpg,4.25
AM1370.jpg,2.98
AM1371.jpg,2.65
AM1372.jpg,2.48
AM1373.jpg,2.07
AM1374.jpg,2.65
AM1375.jpg,2.88
AM1376.jpg,2.6
AM1377.jpg,2.22
AM1378.jpg,2.67
AM1379.jpg,2.47
AM138.jpg,3.23
AM1380.jpg,2.83
AM1381.jpg,2.67
AM1382.jpg,2.12
AM1383.jpg,2.35
AM1384.jpg,2.47
AM1385.jpg,2.52
AM1386.jpg,3.27
AM1387.jpg,2.07
AM1388.jpg,2.73
AM1389.jpg,2.77
AM139.jpg,4.5
AM1390.jpg,2.32
AM1391.jpg,2.45
AM1392.jpg,2.43
AM1393.jpg,2.6
AM1394.jpg,2.58
AM1395.jpg,2.92
AM1396.jpg,2.77
AM1397.jpg,2.85
AM1398.jpg,2.67
AM1399.jpg,2.77
AM14.jpg,4.13
AM140.jpg,3.12
AM1400.jpg,2.9
AM1401.jpg,2.4
AM1402.jpg,3.15
AM1403.jpg,2.82
AM1404.jpg,2.9
AM1405.jpg,2.6
AM1406.jpg,2.68
AM1407.jpg,2.48
AM1408.jpg,2.53
AM1409.jpg,3.1
AM141.jpg,3.77
AM1410.jpg,2.57
AM1411.jpg,2.7
AM1412.jpg,2.82
AM1413.jpg,2.83
AM1414.jpg,2.65
AM1415.jpg,2.18
AM1416.jpg,2.8
AM1417.jpg,2.4
AM1418.jpg,2.5
AM1419.jpg,1.82
AM142.jpg,3.08
AM1420.jpg,2.85
AM1421.jpg,2.85
AM1422.jpg,2.82
AM1423.jpg,2.32
AM1424.jpg,2.78
AM1425.jpg,2.32
AM1426.jpg,2.08
AM1427.jpg,3.12
AM1428.jpg,2.53
AM1429.jpg,2.52
AM143.jpg,3.15
AM1430.jpg,2.45
AM1431.jpg,2.72
AM1432.jpg,2.73
AM1433.jpg,2.72
AM1434.jpg,2.38
AM1435.jpg,2.68
AM1436.jpg,2.8
AM1437.jpg,3.2
AM1438.jpg,2.53
AM1439.jpg,2.52
AM144.jpg,3.22
AM1440.jpg,2.37
AM1441.jpg,2.25
AM1442.jpg,2.47
AM1443.jpg,2.32
AM1444.jpg,2.27
AM1445.jpg,2.67
AM1446.jpg,2.73
AM1447.jpg,2.75
AM1448.jpg,2.5
AM1449.jpg,2.4
AM145.jpg,3.03
AM1450.jpg,2.67
AM1451.jpg,2.38
AM1452.jpg,2.48
AM1453.jpg,2.08
AM1454.jpg,2.62
AM1455.jpg,1.75
AM1456.jpg,2.85
AM1457.jpg,2.55
AM1458.jpg,1.67
AM1459.jpg,3.2
AM146.jpg,2.97
AM1460.jpg,2.12
AM1461.jpg,3.65
AM1462.jpg,2.1
AM1463.jpg,2.18
AM1464.jpg,4.42
AM1465.jpg,2.82
AM1466.jpg,4.02
AM1467.jpg,2.97
AM1468.jpg,2.42
AM1469.jpg,3.87
AM147.jpg,3.82
AM1470.jpg,3.6
AM1471.jpg,2.3
AM1472.jpg,1.72
AM1473.jpg,1.65
AM1474.jpg,2.35
AM1475.jpg,2.83
AM1476.jpg,2.67
AM1477.jpg,2.5
AM1478.jpg,2.3
AM1479.jpg,2.3
AM148.jpg,4.1
AM1480.jpg,1.87
AM1481.jpg,2.27
AM1482.jpg,2.17
AM1483.jpg,2.75
AM1484.jpg,2.53
AM1485.jpg,2.47
AM1486.jpg,2.58
AM1487.jpg,2.45
AM1488.jpg,2.78
AM1489.jpg,2.25
AM149.jpg,2.68
AM1490.jpg,2.27
AM1491.jpg,2.6
AM1492.jpg,2.78
AM1493.jpg,2.6
AM1494.jpg,2.7
AM1495.jpg,2.7
AM1496.jpg,2.35
AM1497.jpg,3.02
AM1498.jpg,3.07
AM1499.jpg,2.73
AM15.jpg,3.68
AM150.jpg,3.52
AM1500.jpg,2.6
AM1501.jpg,2.65
AM1502.jpg,2.67
AM1503.jpg,2.42
AM1504.jpg,2.6
AM1505.jpg,2.78
AM1506.jpg,2.63
AM1507.jpg,2.53
AM1508.jpg,2.67
AM1509.jpg,1.85
AM151.jpg,4.03
AM1510.jpg,2.7
AM1511.jpg,2.42
AM1512.jpg,2.75
AM1513.jpg,2.32
AM1514.jpg,2.87
AM1515.jpg,2.63
AM1516.jpg,2.18
AM1517.jpg,2.38
AM1518.jpg,2.88
AM1519.jpg,2.32
AM152.jpg,4.32
AM1520.jpg,2.67
AM1521.jpg,1.85
AM1522.jpg,2.15
AM1523.jpg,2.0
AM1524.jpg,2.82
AM1525.jpg,2.15
AM1526.jpg,2.92
AM1527.jpg,2.17
AM1528.jpg,2.0
AM1529.jpg,3.17
AM153.jpg,2.8
AM1530.jpg,2.62
AM1531.jpg,2.87
AM1532.jpg,2.7
AM1533.jpg,1.83
AM1534.jpg,2.42
AM1535.jpg,2.07
AM1536.jpg,2.62
AM1537.jpg,2.5
AM1538.jpg,2.82
AM1539.jpg,2.48
AM154.jpg,4.1
AM1540.jpg,2.78
AM1541.jpg,2.65
AM1542.jpg,2.85
AM1543.jpg,2.73
AM1544.jpg,2.55
AM1545.jpg,2.72
AM1546.jpg,2.5
AM1547.jpg,2.23
AM1548.jpg,2.38
AM1549.jpg,2.27
AM155.jpg,3.77
AM1550.jpg,2.87
AM1551.jpg,2.45
AM1552.jpg,2.58
AM1553.jpg,2.85
AM1554.jpg,2.7
AM1555.jpg,2.87
AM1556.jpg,2.75
AM1557.jpg,2.12
AM1558.jpg,1.92
AM1559.jpg,2.72
AM156.jpg,4.0
AM1560.jpg,2.83
AM1561.jpg,3.22
AM1562.jpg,3.87
AM1563.jpg,3.0
AM1564.jpg,4.0
AM1565.jpg,4.0
AM1566.jpg,4.2
AM1567.jpg,4.23
AM1568.jpg,4.03
AM1569.jpg,3.47
AM157.jpg,3.67
AM1570.jpg,4.13
AM1571.jpg,3.67
AM1572.jpg,4.3
AM1573.jpg,2.92
AM1574.jpg,3.38
AM1575.jpg,4.18
AM1576.jpg,4.32
AM1577.jpg,2.65
AM1578.jpg,3.47
AM1579.jpg,4.28
AM158.jpg,2.58
AM1580.jpg,4.05
AM1581.jpg,4.42
AM1582.jpg,3.67
AM1583.jpg,1.35
AM1584.jpg,2.33
AM1585.jpg,3.98
AM1586.jpg,3.47
AM1587.jpg,4.5
AM1588.jpg,3.92
AM1589.jpg,2.67
AM159.jpg,2.13
AM1590.jpg,3.92
AM1591.jpg,4.35
AM1592.jpg,3.8
AM1593.jpg,3.43
AM1594.jpg,3.5
AM1595.jpg,3.93
AM1596.jpg,3.93
AM1597.jpg,4.3
AM1598.jpg,4.12
AM1599.jpg,3.67
AM16.jpg,3.92
AM160.jpg,4.18
AM1600.jpg,4.23
AM1601.jpg,3.97
AM1602.jpg,4.03
AM1603.jpg,4.22
AM1604.jpg,3.97
AM1605.jpg,4.55
AM1606.jpg,4.37
AM1607.jpg,2.95
AM1608.jpg,4.27
AM1609.jpg,3.65
AM161.jpg,2.43
AM1610.jpg,3.3
AM1611.jpg,4.47
AM1612.jpg,3.9
AM1613.jpg,4.23
AM1614.jpg,4.12
AM1615.jpg,3.05
AM1616.jpg,4.12
AM1617.jpg,3.7
AM1618.jpg,3.88
AM1619.jpg,4.42
AM162.jpg,4.5
AM1620.jpg,2.42
AM1621.jpg,2.38
AM1622.jpg,3.33
AM1623.jpg,3.4
AM1624.jpg,4.67
AM1625.jpg,3.38
AM1626.jpg,4.1
AM1627.jpg,3.52
AM1628.jpg,3.87
AM1629.jpg,4.33
AM163.jpg,2.12
AM1630.jpg,4.08
AM1631.jpg,2.5
AM1632.jpg,3.95
AM1633.jpg,3.13
AM1634.jpg,2.92
AM1635.jpg,3.67
AM1636.jpg,4.3
AM1637.jpg,3.23
AM1638.jpg,4.2
AM1639.jpg,4.3
AM164.jpg,2.0
AM1640.jpg,4.28
AM1641.jpg,3.43
AM1642.jpg,4.03
AM1643.jpg,3.83
AM1644.jpg,4.08
AM1645.jpg,4.07
AM1646.jpg,3.98
AM1647.jpg,3.3
AM1648.jpg,4.07
AM1649.jpg,3.55
AM165.jpg,2.72
AM1650.jpg,4.1
AM1651.jpg,3.78
AM1652.jpg,4.13
AM1653.jpg,3.18
AM1654.jpg,3.53
AM1655.jpg,2.85
AM1656.jpg,3.63
AM1657.jpg,4.1
AM1658.jpg,3.47
AM1659.jpg,3.05
AM166.jpg,2.25
AM1660.jpg,3.58
AM1661.jpg,4.15
AM1662.jpg,4.28
AM1663.jpg,2.48
AM1664.jpg,4.28
AM1665.jpg,2.93
AM1666.jpg,3.95
AM1667.jpg,4.23
AM1668.jpg,3.03
AM1669.jpg,3.18
AM167.jpg,2.53
AM1670.jpg,2.87
AM1671.jpg,4.22
AM1672.jpg,2.97
AM1673.jpg,3.62
AM1674.jpg,4.23
AM1675.jpg,4.12
AM1676.jpg,3.12
AM1677.jpg,4.08
AM1678.jpg,4.0
AM1679.jpg,4.1
AM168.jpg,2.6
AM1680.jpg,3.35
AM1681.jpg,4.1
AM1682.jpg,3.92
AM1683.jpg,3.37
AM1684.jpg,3.67
AM1685.jpg,4.1
AM1686.jpg,3.58
AM1687.jpg,3.98
AM1688.jpg,4.08
AM1689.jpg,4.13
AM169.jpg,1.77
AM1690.jpg,4.43
AM1691.jpg,4.05
AM1692.jpg,4.5
AM1693.jpg,4.27
AM1694.jpg,3.17
AM1695.jpg,3.07
AM1696.jpg,4.47
AM1697.jpg,4.22
AM1698.jpg,4.4
AM1699.jpg,4.53
AM17.jpg,3.27
AM170.jpg,2.48
AM1700.jpg,4.18
AM1701.jpg,4.4
AM1702.jpg,3.5
AM1703.jpg,3.53
AM1704.jpg,4.4
AM1705.jpg,3.43
AM1706.jpg,2.6
AM1707.jpg,3.53
AM1708.jpg,4.48
AM1709.jpg,2.62
AM171.jpg,2.82
AM1710.jpg,4.07
AM1711.jpg,3.22
AM1712.jpg,4.33
AM1713.jpg,3.05
AM1714.jpg,3.17
AM1715.jpg,3.15
AM1716.jpg,3.95
AM1717.jpg,3.87
AM1718.jpg,3.9
AM1719.jpg,3.55
AM172.jpg,2.85
AM1720.jpg,4.0
AM1721.jpg,3.77
AM1722.jpg,3.18
AM1723.jpg,4.28
AM1724.jpg,4.37
AM1725.jpg,3.25
AM1726.jpg,3.57
AM1727.jpg,2.85
AM1728.jpg,3.6
AM1729.jpg,4.0
AM173.jpg,1.72
AM1730.jpg,3.43
AM1731.jpg,3.67
AM1732.jpg,3.97
AM1733.jpg,3.97
AM1734.jpg,3.78
AM1735.jpg,3.42
AM1736.jpg,3.97
AM1737.jpg,3.9
AM1738.jpg,3.58
AM1739.jpg,2.72
AM174.jpg,2.92
AM1740.jpg,4.1
AM1741.jpg,3.77
AM1742.jpg,4.28
AM1743.jpg,3.28
AM1744.jpg,3.23
AM1745.jpg,3.33
AM1746.jpg,4.22
AM1747.jpg,2.95
AM1748.jpg,2.88
AM1749.jpg,3.03
AM175.jpg,2.68
AM1750.jpg,3.67
AM1751.jpg,3.93
AM1752.jpg,3.9
AM1753.jpg,3.45
AM1754.jpg,3.73
AM1755.jpg,3.15
AM1756.jpg,3.58
AM1757.jpg,4.2
AM1758.jpg,3.62
AM1759.jpg,4.02
AM176.jpg,2.3
AM1760.jpg,4.18
AM1761.jpg,3.85
AM1762.jpg,2.2
AM1763.jpg,3.75
AM1764.jpg,3.42
AM1765.jpg,4.3
AM1766.jpg,3.67
AM1767.jpg,2.1
AM1768.jpg,2.77
AM1769.jpg,3.83
AM177.jpg,2.37
AM1770.jpg,3.37
AM1771.jpg,3.53
AM1772.jpg,3.4
AM1773.jpg,4.38
AM1774.jpg,3.75
AM1775.jpg,4.45
AM1776.jpg,3.87
AM1777.jpg,3.7
AM1778.jpg,2.13
AM1779.jpg,3.72
AM178.jpg,2.47
AM1780.jpg,3.13
AM1781.jpg,2.95
AM1782.jpg,3.0
AM1783.jpg,3.17
AM1784.jpg,3.52
AM1785.jpg,3.0
AM1786.jpg,3.85
AM1787.jpg,2.8
AM1788.jpg,2.07
AM1789.jpg,3.32
AM179.jpg,2.43
AM1790.jpg,4.08
AM1791.jpg,2.25
AM1792.jpg,3.33
AM1793.jpg,2.67
AM1794.jpg,2.6
AM1795.jpg,4.48
AM1796.jpg,3.95
AM1797.jpg,3.33
AM1798.jpg,3.02
AM1799.jpg,2.97
AM18.jpg,3.85
AM180.jpg,2.6
AM1800.jpg,4.07
AM1801.jpg,4.45
AM1802.jpg,4.38
AM1803.jpg,2.72
AM1804.jpg,2.62
AM1805.jpg,3.67
AM1806.jpg,2.78
AM1807.jpg,4.0
AM1808.jpg,3.95
AM1809.jpg,3.08
AM181.jpg,2.52
AM1810.jpg,2.55
AM1811.jpg,3.43
AM1812.jpg,2.83
AM1813.jpg,3.73
AM1814.jpg,2.43
AM1815.jpg,2.53
AM1816.jpg,3.27
AM1817.jpg,3.12
AM1818.jpg,1.75
AM1819.jpg,3.35
AM182.jpg,2.73
AM1820.jpg,2.2
AM1821.jpg,3.2
AM1822.jpg,3.93
AM1823.jpg,2.73
AM1824.jpg,2.85
AM1825.jpg,2.35
AM1826.jpg,2.8
AM1827.jpg,2.77
AM1828.jpg,2.6
AM1829.jpg,3.1
AM183.jpg,2.97
AM1830.jpg,2.78
AM1831.jpg,3.52
AM1832.jpg,3.57
AM1833.jpg,3.5
AM1834.jpg,3.52
AM1835.jpg,3.62
AM1836.jpg,4.07
AM1837.jpg,4.65
AM1838.jpg,4.6
AM1839.jpg,2.62
AM184.jpg,2.0
AM1840.jpg,3.35
AM1841.jpg,2.4
AM1842.jpg,3.78
AM1843.jpg,3.47
AM1844.jpg,2.73
AM1845.jpg,3.68
AM1846.jpg,2.37
AM1847.jpg,3.7
AM1848.jpg,2.37
AM1849.jpg,2.9
AM185.jpg,2.4
AM1850.jpg,2.23
AM1851.jpg,4.07
AM1852.jpg,4.03
AM1853.jpg,3.75
AM1854.jpg,3.95
AM1855.jpg,3.27
AM1856.jpg,4.3
AM1857.jpg,3.77
AM1858.jpg,3.83
AM1859.jpg,2.93
AM186.jpg,4.15
AM1860.jpg,2.33
AM1861.jpg,2.58
AM1862.jpg,3.97
AM1863.jpg,3.83
AM1864.jpg,3.98
AM1865.jpg,3.2
AM1866.jpg,3.22
AM1867.jpg,3.85
AM1868.jpg,4.23
AM1869.jpg,3.12
AM187.jpg,3.97
AM1870.jpg,2.57
AM1871.jpg,2.95
AM1872.jpg,3.27
AM1873.jpg,2.9
AM1874.jpg,2.37
AM1875.jpg,3.15
AM1876.jpg,3.1
AM1877.jpg,4.03
AM1878.jpg,3.95
AM1879.jpg,3.77
AM188.jpg,3.7
AM1880.jpg,2.5
AM1881.jpg,3.68
AM1882.jpg,2.85
AM1883.jpg,4.17
AM1884.jpg,3.78
AM1885.jpg,4.22
AM1886.jpg,3.07
AM1887.jpg,4.33
AM1888.jpg,3.48
AM1889.jpg,3.6
AM189.jpg,3.73
AM1890.jpg,3.17
AM1891.jpg,3.93
AM1892.jpg,4.13
AM1893.jpg,4.03
AM1894.jpg,4.43
AM1895.jpg,4.05
AM1896.jpg,3.22
AM1897.jpg,3.98
AM1898.jpg,2.52
AM1899.jpg,2.67
AM19.jpg,2.85
AM190.jpg,4.12
AM1900.jpg,3.38
AM1901.jpg,2.63
AM1902.jpg,3.47
AM1903.jpg,2.63
AM1904.jpg,1.63
AM1905.jpg,3.28
AM1906.jpg,3.07
AM1907.jpg,3.08
AM1908.jpg,2.1
AM1909.jpg,2.73
AM191.jpg,1.82
AM1910.jpg,3.47
AM1911.jpg,3.42
AM1912.jpg,2.95
AM1913.jpg,3.2
AM1914.jpg,3.38
AM1915.jpg,2.98
AM1916.jpg,2.75
AM1917.jpg,2.47
AM1918.jpg,3.13
AM1919.jpg,2.87
AM192.jpg,2.62
AM1920.jpg,2.58
AM1921.jpg,2.85
AM1922.jpg,2.37
AM1923.jpg,2.43
AM1924.jpg,2.75
AM1925.jpg,3.52
AM1926.jpg,3.62
AM1927.jpg,3.83
AM1928.jpg,3.42
AM1929.jpg,4.18
AM193.jpg,4.38
AM1930.jpg,4.3
AM1931.jpg,3.83
AM1932.jpg,3.0
AM1933.jpg,3.95
AM1934.jpg,4.47
AM1935.jpg,4.32
AM1936.jpg,4.5
AM1937.jpg,3.68
AM1938.jpg,3.88
AM1939.jpg,3.8
AM194.jpg,1.9
AM1940.jpg,4.3
AM1941.jpg,3.53
AM1942.jpg,3.37
AM1943.jpg,3.3
AM1944.jpg,4.27
AM1945.jpg,3.3
AM1946.jpg,3.17
AM1947.jpg,2.9
AM1948.jpg,3.38
AM1949.jpg,3.42
AM195.jpg,1.77
AM1950.jpg,3.22
AM1951.jpg,2.95
AM1952.jpg,4.12
AM1953.jpg,3.95
AM1954.jpg,3.73
AM1955.jpg,3.02
AM1956.jpg,3.93
AM1957.jpg,4.47
AM1958.jpg,2.42
AM1959.jpg,3.75
AM196.jpg,2.67
AM1960.jpg,3.43
AM1961.jpg,3.82
AM1962.jpg,4.1
AM1963.jpg,4.42
AM1964.jpg,4.4
AM1965.jpg,2.85
AM1966.jpg,3.78
AM1967.jpg,3.47
AM1968.jpg,4.23
AM1969.jpg,3.7
AM197.jpg,2.47
AM1970.jpg,3.72
AM1971.jpg,4.07
AM1972.jpg,4.15
AM1973.jpg,3.63
AM1974.jpg,3.62
AM1975.jpg,4.45
AM1976.jpg,3.25
AM1977.jpg,4.08
AM1978.jpg,3.3
AM1979.jpg,3.18
AM198.jpg,3.13
AM1980.jpg,3.52
AM1981.jpg,3.88
AM1982.jpg,3.05
AM1983.jpg,3.6
AM1984.jpg,4.18
AM1985.jpg,2.18
AM1986.jpg,2.55
AM1987.jpg,3.97
AM1988.jpg,4.3
AM1989.jpg,4.42
AM199.jpg,3.88
AM1990.jpg,3.78
AM1991.jpg,3.68
AM1992.jpg,4.08
AM1993.jpg,2.92
AM1994.jpg,4.05
AM1995.jpg,4.13
AM1996.jpg,3.82
AM1997.jpg,4.43
AM1998.jpg,3.25
AM1999.jpg,3.42
AM2.jpg,3.6
AM20.jpg,1.9
AM200.jpg,2.33
AM2000.jpg,3.08
AM201.jpg,3.12
AM202.jpg,2.47
AM203.jpg,2.77
AM204.jpg,2.1
AM205.jpg,4.25
AM206.jpg,2.45
AM207.jpg,2.42
AM208.jpg,4.22
AM209.jpg,3.72
AM21.jpg,4.05
AM210.jpg,3.9
AM211.jpg,2.08
AM212.jpg,2.57
AM213.jpg,2.77
AM214.jpg,2.47
AM215.jpg,2.22
AM216.jpg,2.9
AM217.jpg,3.88
AM218.jpg,4.02
AM219.jpg,2.5
AM22.jpg,4.7
AM220.jpg,2.13
AM221.jpg,2.37
AM222.jpg,1.85
AM223.jpg,2.47
AM224.jpg,2.68
AM225.jpg,2.1
AM226.jpg,2.6
AM227.jpg,2.42
AM228.jpg,2.5
AM229.jpg,2.62
AM23.jpg,3.63
AM230.jpg,2.25
AM231.jpg,2.6
AM232.jpg,2.47
AM233.jpg,2.8
AM234.jpg,2.57
AM235.jpg,2.33
AM236.jpg,1.73
AM237.jpg,2.02
AM238.jpg,2.2
AM239.jpg,2.33
AM24.jpg,3.13
AM240.jpg,4.03
AM241.jpg,3.6
AM242.jpg,2.12
AM243.jpg,2.6
AM244.jpg,2.3
AM245.jpg,4.52
AM246.jpg,2.83
AM247.jpg,3.88
AM248.jpg,4.13
AM249.jpg,2.43
AM25.jpg,4.23
AM250.jpg,2.8
AM251.jpg,2.88
AM252.jpg,2.23
AM253.jpg,3.25
AM254.jpg,2.07
AM255.jpg,2.77
AM256.jpg,2.73
AM257.jpg,2.62
AM258.jpg,2.25
AM259.jpg,2.28
AM26.jpg,1.97
AM260.jpg,2.75
AM261.jpg,2.7
AM262.jpg,3.18
AM263.jpg,2.25
AM264.jpg,1.53
AM265.jpg,2.32
AM266.jpg,2.88
AM267.jpg,4.03
AM268.jpg,3.02
AM269.jpg,4.02
AM27.jpg,4.05
AM270.jpg,2.73
AM271.jpg,1.93
AM272.jpg,2.48
AM273.jpg,2.37
AM274.jpg,4.0
AM275.jpg,2.55
AM276.jpg,2.58
AM277.jpg,2.55
AM278.jpg,2.52
AM279.jpg,2.35
AM28.jpg,4.23
AM280.jpg,2.28
AM281.jpg,2.25
AM282.jpg,1.67
AM283.jpg,2.73
AM284.jpg,1.72
AM285.jpg,2.88
AM286.jpg,1.92
AM287.jpg,2.43
AM288.jpg,2.22
AM289.jpg,2.4
AM29.jpg,3.57
AM290.jpg,2.2
AM291.jpg,2.58
AM292.jpg,2.55
AM293.jpg,2.15
AM294.jpg,2.65
AM295.jpg,2.55
AM296.jpg,1.95
AM297.jpg,2.17
AM298.jpg,1.95
AM299.jpg,2.82
AM3.jpg,4.05
AM30.jpg,4.1
AM300.jpg,2.43
AM301.jpg,2.62
AM302.jpg,2.32
AM303.jpg,2.03
AM304.jpg,4.18
AM305.jpg,4.22
AM306.jpg,3.07
AM307.jpg,4.2
AM308.jpg,3.87
AM309.jpg,2.65
AM31.jpg,3.88
AM310.jpg,3.58
AM311.jpg,2.37
AM312.jpg,3.23
AM313.jpg,2.42
AM314.jpg,2.88
AM315.jpg,3.0
AM316.jpg,2.68
AM317.jpg,2.55
AM318.jpg,3.57
AM319.jpg,2.95
AM32.jpg,3.68
AM320.jpg,4.32
AM321.jpg,3.9
AM322.jpg,4.23
AM323.jpg,2.53
AM324.jpg,2.68
AM325.jpg,3.65
AM326.jpg,2.22
AM327.jpg,3.1
AM328.jpg,2.72
AM329.jpg,2.57
AM33.jpg,2.43
AM330.jpg,2.78
AM331.jpg,2.38
AM332.jpg,2.67
AM333.jpg,2.6
AM334.jpg,2.53
AM335.jpg,2.78
AM336.jpg,2.65
AM337.jpg,3.8
AM338.jpg,3.68
AM339.jpg,2.42
AM34.jpg,4.25
AM340.jpg,2.7
AM341.jpg,2.25
AM342.jpg,2.75
AM343.jpg,2.83
AM344.jpg,2.13
AM345.jpg,2.25
AM346.jpg,2.58
AM347.jpg,2.43
AM348.jpg,2.07
AM349.jpg,2.72
AM35.jpg,3.15
AM350.jpg,2.35
AM351.jpg,3.0
AM352.jpg,2.93
AM353.jpg,2.53
AM354.jpg,2.62
AM355.jpg,2.65
AM356.jpg,2.65
AM357.jpg,4.17
AM358.jpg,2.5
AM359.jpg,2.37
AM36.jpg,4.37
AM360.jpg,2.75
AM361.jpg,2.67
AM362.jpg,2.5
AM363.jpg,2.45
AM364.jpg,2.47
AM365.jpg,2.78
AM366.jpg,2.17
AM367.jpg,2.9
AM368.jpg,2.48
AM369.jpg,2.8
AM37.jpg,3.07
AM370.jpg,2.58
AM371.jpg,2.72
AM372.jpg,2.13
AM373.jpg,2.42
AM374.jpg,2.55
AM375.jpg,2.82
AM376.jpg,3.28
AM377.jpg,2.67
AM378.jpg,2.5
AM379.jpg,2.2
AM38.jpg,3.1
AM380.jpg,2.6
AM381.jpg,3.07
AM382.jpg,2.47
AM383.jpg,2.88
AM384.jpg,3.2
AM385.jpg,2.45
AM386.jpg,2.63
AM387.jpg,2.1
AM388.jpg,2.67
AM389.jpg,1.88
AM39.jpg,3.68
AM390.jpg,4.68
AM391.jpg,2.92
AM392.jpg,2.5
AM393.jpg,2.73
AM394.jpg,1.82
AM395.jpg,2.47
AM396.jpg,2.58
AM397.jpg,2.22
AM398.jpg,2.75
AM399.jpg,2.88
AM4.jpg,3.32
AM40.jpg,4.2
AM400.jpg,2.63
AM401.jpg,2.47
AM402.jpg,2.6
AM403.jpg,2.8
AM404.jpg,2.63
AM405.jpg,2.97
AM406.jpg,2.8
AM407.jpg,2.38
AM408.jpg,2.3
AM409.jpg,2.57
AM41.jpg,4.27
AM410.jpg,2.47
AM411.jpg,2.82
AM412.jpg,2.7
AM413.jpg,3.25
AM414.jpg,2.82
AM415.jpg,2.77
AM416.jpg,2.75
AM417.jpg,2.97
AM418.jpg,1.95
AM419.jpg,2.58
AM42.jpg,3.57
AM420.jpg,2.37
AM421.jpg,3.8
AM422.jpg,2.5
AM423.jpg,2.5
AM424.jpg,2.92
AM425.jpg,2.7
AM426.jpg,2.62
AM427.jpg,2.65
AM428.jpg,2.67
AM429.jpg,2.52
AM43.jpg,2.65
AM430.jpg,2.88
AM431.jpg,3.08
AM432.jpg,2.55
AM433.jpg,2.2
AM434.jpg,3.08
AM435.jpg,2.18
AM436.jpg,3.17
AM437.jpg,2.33
AM438.jpg,2.62
AM439.jpg,2.7
AM44.jpg,4.2
AM440.jpg,1.77
AM441.jpg,2.07
AM442.jpg,2.6
AM443.jpg,2.08
AM444.jpg,2.55
AM445.jpg,2.43
AM446.jpg,2.85
AM447.jpg,2.42
AM448.jpg,2.05
AM449.jpg,2.37
AM45.jpg,4.27
AM450.jpg,2.1
AM451.jpg,2.67
AM452.jpg,2.3
AM453.jpg,2.73
AM454.jpg,2.4
AM455.jpg,3.43
AM456.jpg,3.12
AM457.jpg,2.6
AM458.jpg,2.5
AM459.jpg,2.55
AM46.jpg,3.7
AM460.jpg,3.25
AM461.jpg,2.32
AM462.jpg,2.45
AM463.jpg,2.93
AM464.jpg,2.5
AM465.jpg,1.72
AM466.jpg,2.73
AM467.jpg,2.35
AM468.jpg,2.13
AM469.jpg,2.83
AM47.jpg,3.02
AM470.jpg,2.58
AM471.jpg,2.42
AM472.jpg,2.85
AM473.jpg,1.92
AM474.jpg,2.47
AM475.jpg,2.67
AM476.jpg,2.67
AM477.jpg,3.05
AM478.jpg,2.53
AM479.jpg,2.18
AM48.jpg,4.02
AM480.jpg,2.85
AM481.jpg,2.55
AM482.jpg,2.9
AM483.jpg,2.03
AM484.jpg,2.83
AM485.jpg,2.5
AM486.jpg,2.42
AM487.jpg,2.18
AM488.jpg,2.07
AM489.jpg,2.25
AM49.jpg,4.0
AM490.jpg,2.57
AM491.jpg,2.4
AM492.jpg,2.4
AM493.jpg,2.43
AM494.jpg,2.52
AM495.jpg,2.03
AM496.jpg,2.42
AM497.jpg,1.87
AM498.jpg,2.63
AM499.jpg,1.87
AM5.jpg,2.3
AM50.jpg,3.45
AM500.jpg,2.55
AM501.jpg,2.4
AM502.jpg,2.63
AM503.jpg,2.93
AM504.jpg,2.5
AM505.jpg,1.65
AM506.jpg,2.55
AM507.jpg,2.63
AM508.jpg,3.15
AM509.jpg,2.83
AM51.jpg,3.75
AM510.jpg,2.7
AM511.jpg,2.68
AM512.jpg,2.33
AM513.jpg,2.65
AM514.jpg,2.32
AM515.jpg,2.63
AM516.jpg,3.1
AM517.jpg,2.75
AM518.jpg,2.02
AM519.jpg,2.22
AM52.jpg,1.98
AM520.jpg,2.75
AM521.jpg,2.55
AM522.jpg,2.32
AM523.jpg,2.95
AM524.jpg,2.4
AM525.jpg,2.72
AM526.jpg,2.75
AM527.jpg,2.65
AM528.jpg,2.9
AM529.jpg,3.27
AM53.jpg,3.85
AM530.jpg,2.6
AM531.jpg,2.7
AM532.jpg,2.8
AM533.jpg,2.9
AM534.jpg,2.85
AM535.jpg,2.2
AM536.jpg,1.97
AM537.jpg,2.65
AM538.jpg,2.75
AM539.jpg,2.4
AM54.jpg,2.87
AM540.jpg,2.92
AM541.jpg,2.68
AM542.jpg,1.93
AM543.jpg,2.75
AM544.jpg,3.07
AM545.jpg,2.35
AM546.jpg,2.68
AM547.jpg,2.33
AM548.jpg,2.9
AM549.jpg,1.93
AM55.jpg,3.9
AM550.jpg,2.47
AM551.jpg,2.02
AM552.jpg,2.42
AM553.jpg,2.75
AM554.jpg,2.6
AM555.jpg,2.1
AM556.jpg,2.9
AM557.jpg,2.72
AM558.jpg,2.77
AM559.jpg,2.62
AM56.jpg,3.65
AM560.jpg,2.87
AM561.jpg,2.83
AM562.jpg,2.98
AM563.jpg,2.88
AM564.jpg,2.72
AM565.jpg,2.35
AM566.jpg,2.15
AM567.jpg,2.47
AM568.jpg,2.35
AM569.jpg,2.9
AM57.jpg,3.25
AM570.jpg,2.22
AM571.jpg,2.43
AM572.jpg,2.85
AM573.jpg,2.13
AM574.jpg,2.72
AM575.jpg,2.9
AM576.jpg,2.4
AM577.jpg,2.78
AM578.jpg,2.32
AM579.jpg,2.63
AM58.jpg,2.43
AM580.jpg,2.2
AM581.jpg,3.07
AM582.jpg,3.12
AM583.jpg,2.83
AM584.jpg,1.97
AM585.jpg,2.7
AM586.jpg,2.65
AM587.jpg,2.8
AM588.jpg,2.43
AM589.jpg,2.25
AM59.jpg,4.2
AM590.jpg,2.75
AM591.jpg,2.77
AM592.jpg,3.5
AM593.jpg,2.35
AM594.jpg,2.22
AM595.jpg,2.95
AM596.jpg,2.7
AM597.jpg,2.67
AM598.jpg,2.57
AM599.jpg,2.0
AM6.jpg,4.25
AM60.jpg,3.3
AM600.jpg,2.4
AM601.jpg,2.63
AM602.jpg,2.73
AM603.jpg,2.62
AM604.jpg,2.78
AM605.jpg,2.38
AM606.jpg,2.58
AM607.jpg,2.0
AM608.jpg,2.83
AM609.jpg,2.43
AM61.jpg,1.67
AM610.jpg,2.93
AM611.jpg,2.95
AM612.jpg,2.78
AM613.jpg,2.67
AM614.jpg,3.13
AM615.jpg,2.47
AM616.jpg,3.02
AM617.jpg,2.17
AM618.jpg,2.72
AM619.jpg,2.15
AM62.jpg,3.53
AM620.jpg,2.75
AM621.jpg,2.95
AM622.jpg,1.75
AM623.jpg,2.78
AM624.jpg,2.3
AM625.jpg,3.05
AM626.jpg,2.9
AM627.jpg,2.62
AM628.jpg,2.67
AM629.jpg,2.9
AM63.jpg,4.15
AM630.jpg,3.05
AM631.jpg,2.92
AM632.jpg,2.77
AM633.jpg,2.73
AM634.jpg,2.1
AM635.jpg,2.7
AM636.jpg,1.88
AM637.jpg,2.93
AM638.jpg,2.17
AM639.jpg,2.55
AM64.jpg,4.27
AM640.jpg,2.85
AM641.jpg,2.6
AM642.jpg,2.92
AM643.jpg,2.95
AM644.jpg,2.8
AM645.jpg,2.9
AM646.jpg,2.17
AM647.jpg,2.78
AM648.jpg,2.58
AM649.jpg,3.62
AM65.jpg,3.08
AM650.jpg,2.65
AM651.jpg,2.85
AM652.jpg,2.57
AM653.jpg,2.77
AM654.jpg,2.8
AM655.jpg,2.85
AM656.jpg,2.98
AM657.jpg,3.03
AM658.jpg,2.55
AM659.jpg,2.7
AM66.jpg,3.15
AM660.jpg,1.88
AM661.jpg,2.42
AM662.jpg,2.6
AM663.jpg,2.67
AM664.jpg,2.48
AM665.jpg,2.48
AM666.jpg,2.82
AM667.jpg,2.97
AM668.jpg,2.7
AM669.jpg,3.18
AM67.jpg,3.45
AM670.jpg,2.45
AM671.jpg,2.15
AM672.jpg,3.03
AM673.jpg,2.9
AM674.jpg,2.43
AM675.jpg,2.73
AM676.jpg,2.8
AM677.jpg,2.6
AM678.jpg,3.1
AM679.jpg,2.28
AM68.jpg,4.03
AM680.jpg,2.43
AM681.jpg,2.73
AM682.jpg,2.6
AM683.jpg,2.98
AM684.jpg,3.02
AM685.jpg,2.88
AM686.jpg,2.82
AM687.jpg,2.62
AM688.jpg,1.93
AM689.jpg,2.9
AM69.jpg,2.93
AM690.jpg,2.23
AM691.jpg,2.52
AM692.jpg,2.43
AM693.jpg,2.87
AM694.jpg,2.92
AM695.jpg,2.68
AM696.jpg,3.35
AM697.jpg,2.97
AM698.jpg,2.67
AM699.jpg,3.03
AM7.jpg,3.25
AM70.jpg,1.85
AM700.jpg,2.37
AM701.jpg,1.98
AM702.jpg,2.6
AM703.jpg,2.72
AM704.jpg,2.48
AM705.jpg,2.85
AM706.jpg,2.78
AM707.jpg,1.8
AM708.jpg,1.97
AM709.jpg,2.8
AM71.jpg,3.57
AM710.jpg,2.6
AM711.jpg,2.85
AM712.jpg,2.2
AM713.jpg,2.45
AM714.jpg,2.87
AM715.jpg,2.62
AM716.jpg,2.72
AM717.jpg,2.13
AM718.jpg,2.52
AM719.jpg,2.97
AM72.jpg,3.62
AM720.jpg,2.85
AM721.jpg,2.83
AM722.jpg,3.0
AM723.jpg,2.25
AM724.jpg,1.98
AM725.jpg,2.95
AM726.jpg,2.83
AM727.jpg,3.05
AM728.jpg,2.7
AM729.jpg,2.52
AM73.jpg,1.9
AM730.jpg,2.93
AM731.jpg,2.83
AM732.jpg,2.18
AM733.jpg,2.83
AM734.jpg,2.3
AM735.jpg,1.78
AM736.jpg,2.63
AM737.jpg,2.92
AM738.jpg,2.83
AM739.jpg,1.98
AM74.jpg,1.6
AM740.jpg,2.7
AM741.jpg,2.62
AM742.jpg,2.68
AM743.jpg,2.82
AM744.jpg,2.95
AM745.jpg,2.9
AM746.jpg,2.75
AM747.jpg,2.55
AM748.jpg,2.95
AM749.jpg,2.53
AM75.jpg,3.87
AM750.jpg,2.27
AM751.jpg,2.53
AM752.jpg,2.35
AM753.jpg,2.45
AM754.jpg,2.65
AM755.jpg,2.58
AM756.jpg,2.83
AM757.jpg,3.02
AM758.jpg,2.87
AM759.jpg,2.98
AM76.jpg,3.35
AM760.jpg,2.32
AM761.jpg,2.93
AM762.jpg,4.48
AM763.jpg,2.58
AM764.jpg,3.08
AM765.jpg,2.72
AM766.jpg,2.6
AM767.jpg,2.63
AM768.jpg,2.92
AM769.jpg,2.88
AM77.jpg,4.2
AM770.jpg,2.17
AM771.jpg,2.33
AM772.jpg,2.25
AM773.jpg,2.45
AM774.jpg,2.77
AM775.jpg,2.62
AM776.jpg,2.6
AM777.jpg,2.52
AM778.jpg,2.68
AM779.jpg,2.4
AM78.jpg,3.08
AM780.jpg,2.8
AM781.jpg,2.87
AM782.jpg,2.72
AM783.jpg,2.65
AM784.jpg,2.15
AM785.jpg,2.85
AM786.jpg,2.92
AM787.jpg,2.73
AM788.jpg,2.68
AM789.jpg,2.37
AM79.jpg,2.43
AM790.jpg,2.27
AM791.jpg,2.5
AM792.jpg,2.1
AM793.jpg,2.87
AM794.jpg,2.55
AM795.jpg,1.98
AM796.jpg,2.47
AM797.jpg,2.6
AM798.jpg,3.07
AM799.jpg,2.25
AM8.jpg,4.35
AM80.jpg,3.3
AM800.jpg,2.63
AM801.jpg,2.82
AM802.jpg,2.85
AM803.jpg,2.77
AM804.jpg,2.82
AM805.jpg,2.15
AM806.jpg,2.4
AM807.jpg,2.28
AM808.jpg,2.37
AM809.jpg,2.32
AM81.jpg,3.97
AM810.jpg,2.62
AM811.jpg,3.07
AM812.jpg,2.1
AM813.jpg,3.8
AM814.jpg,2.38
AM815.jpg,2.43
AM816.jpg,2.45
AM817.jpg,2.0
AM818.jpg,2.78
AM819.jpg,2.87
AM82.jpg,2.92
AM820.jpg,2.85
AM821.jpg,1.92
AM822.jpg,2.8
AM823.jpg,2.67
AM824.jpg,2.45
AM825.jpg,2.82
AM826.jpg,2.5
AM827.jpg,2.8
AM828.jpg,2.58
AM829.jpg,2.52
AM83.jpg,3.1
AM830.jpg,2.48
AM831.jpg,2.88
AM832.jpg,2.1
AM833.jpg,2.27
AM834.jpg,2.77
AM835.jpg,2.57
AM836.jpg,2.82
AM837.jpg,2.8
AM838.jpg,1.92
AM839.jpg,2.72
AM84.jpg,3.57
AM840.jpg,3.0
AM841.jpg,2.52
AM842.jpg,2.9
AM843.jpg,2.47
AM844.jpg,2.53
AM845.jpg,2.68
AM846.jpg,2.57
AM847.jpg,2.92
AM848.jpg,2.52
AM849.jpg,2.42
AM85.jpg,1.95
AM850.jpg,2.52
AM851.jpg,2.45
AM852.jpg,2.45
AM853.jpg,2.23
AM854.jpg,2.5
AM855.jpg,2.8
AM856.jpg,2.22
AM857.jpg,2.75
AM858.jpg,2.83
AM859.jpg,2.87
AM86.jpg,3.27
AM860.jpg,2.83
AM861.jpg,2.6
AM862.jpg,2.48
AM863.jpg,3.53
AM864.jpg,2.85
AM865.jpg,2.72
AM866.jpg,2.95
AM867.jpg,3.52
AM868.jpg,1.82
AM869.jpg,2.15
AM87.jpg,3.63
AM870.jpg,1.6
AM871.jpg,2.3
AM872.jpg,2.1
AM873.jpg,2.35
AM874.jpg,2.3
AM875.jpg,2.92
AM876.jpg,2.65
AM877.jpg,2.47
AM878.jpg,2.57
AM879.jpg,2.82
AM88.jpg,3.6
AM880.jpg,2.67
AM881.jpg,2.48
AM882.jpg,2.78
AM883.jpg,2.28
AM884.jpg,2.7
AM885.jpg,2.38
AM886.jpg,2.98
AM887.jpg,2.37
AM888.jpg,2.53
AM889.jpg,2.1
AM89.jpg,3.02
AM890.jpg,2.1
AM891.jpg,2.72
AM892.jpg,2.35
AM893.jpg,2.1
AM894.jpg,2.72
AM895.jpg,2.62
AM896.jpg,2.3
AM897.jpg,2.52
AM898.jpg,2.38
AM899.jpg,2.67
AM9.jpg,3.92
AM90.jpg,1.88
AM900.jpg,2.52
AM901.jpg,2.53
AM902.jpg,2.88
AM903.jpg,2.37
AM904.jpg,2.55
AM905.jpg,2.88
AM906.jpg,2.73
AM907.jpg,2.78
AM908.jpg,2.37
AM909.jpg,2.53
AM91.jpg,2.98
AM910.jpg,2.1
AM911.jpg,2.8
AM912.jpg,2.65
AM913.jpg,2.38
AM914.jpg,2.48
AM915.jpg,2.67
AM916.jpg,2.67
AM917.jpg,2.82
AM918.jpg,2.42
AM919.jpg,2.58
AM92.jpg,2.92
AM920.jpg,2.23
AM921.jpg,2.37
AM922.jpg,2.63
AM923.jpg,2.08
AM924.jpg,2.9
AM925.jpg,2.63
AM926.jpg,2.35
AM927.jpg,2.72
AM928.jpg,2.55
AM929.jpg,2.42
AM93.jpg,2.13
AM930.jpg,2.48
AM931.jpg,2.75
AM932.jpg,2.35
AM933.jpg,2.75
AM934.jpg,2.02
AM935.jpg,2.02
AM936.jpg,2.28
AM937.jpg,2.72
AM938.jpg,2.9
AM939.jpg,2.68
AM94.jpg,3.3
AM940.jpg,2.5
AM941.jpg,2.4
AM942.jpg,2.87
AM943.jpg,2.85
AM944.jpg,1.78
AM945.jpg,2.18
AM946.jpg,2.72
AM947.jpg,2.02
AM948.jpg,2.92
AM949.jpg,2.9
AM95.jpg,2.33
AM950.jpg,2.55
AM951.jpg,2.2
AM952.jpg,2.27
AM953.jpg,2.95
AM954.jpg,2.78
AM955.jpg,2.67
AM956.jpg,2.38
AM957.jpg,2.05
AM958.jpg,2.32
AM959.jpg,2.08
AM96.jpg,2.32
AM960.jpg,2.72
AM961.jpg,2.92
AM962.jpg,2.72
AM963.jpg,3.1
AM964.jpg,2.27
AM965.jpg,2.97
AM966.jpg,2.9
AM967.jpg,3.13
AM968.jpg,2.23
AM969.jpg,2.88
AM97.jpg,3.73
AM970.jpg,2.9
AM971.jpg,2.0
AM972.jpg,2.58
AM973.jpg,2.85
AM974.jpg,2.48
AM975.jpg,2.72
AM976.jpg,1.92
AM977.jpg,1.83
AM978.jpg,2.67
AM979.jpg,2.3
AM98.jpg,3.12
AM980.jpg,2.28
AM981.jpg,2.57
AM982.jpg,2.68
AM983.jpg,2.63
AM984.jpg,3.28
AM985.jpg,3.23
AM986.jpg,2.18
AM987.jpg,2.68
AM988.jpg,2.77
AM989.jpg,2.52
AM99.jpg,3.57
AM990.jpg,2.72
AM991.jpg,2.1
AM992.jpg,2.68
AM993.jpg,2.28
AM994.jpg,2.72
AM995.jpg,2.7
AM996.jpg,2.05
AM997.jpg,2.55
AM998.jpg,2.58
AM999.jpg,2.37

